"product_id";"video_link_github";"title";"price";"product_link";"availability";"condition";"description";"image_link";"additional_image_link";"quantity_to_sell_on_facebook"
"DPS-WP-20260704-0405-002";"https://raw.githubusercontent.com/Susderk/mockup-uploads/main/mockups/2026-07-04/Autumn%20Crossing/Autumn_Crossing.mp4";"Autumn Crosswalk Wallpaper | Neon Moody 4K";"2,99";"https://digipicshopdesigns.etsy.com/de/listing/4532331745";"in stock";"new";"Built for screens that mean business. The color palette pulls from digital infrastructure — fiery autumn reds and oranges meet dramatic neon light, layered with soft watercolor transitions and ink-like dissolving edges. The moody dusk lighting creates atmospheric depth without competing with your focus work or video presence. High contrast, painterly quality, and enough visual tension to keep things interesting without becoming noise. A background that matches the energy of the work.

What you get: {{IMG_COUNT}} high-resolution 4K image files, ready to use immediately as desktop wallpaper or Zoom/Teams backgrounds. Simple download, instant installation.

For setups where the aesthetic isn't decoration — it's signal.

This product was created using AI and manually curated.

📩 Message me for a free installation guide – available in English, German, Spanish, and Portuguese for Windows, Mac, and Linux. @digipicshop";"https://raw.githubusercontent.com/Susderk/mockup-uploads/main/mockups/2026-07-04/Autumn%20Crossing/1.png";"https://raw.githubusercontent.com/Susderk/mockup-uploads/main/mockups/2026-07-04/Autumn%20Crossing/2.png, https://raw.githubusercontent.com/Susderk/mockup-uploads/main/mockups/2026-07-04/Autumn%20Crossing/3.png, https://raw.githubusercontent.com/Susderk/mockup-uploads/main/mockups/2026-07-04/Autumn%20Crossing/4.png";"999"
"DPS-WP-20260704-0405-003";"https://raw.githubusercontent.com/Susderk/mockup-uploads/main/mockups/2026-07-04/Digital%20Dawn/Digital_Dawn.mp4";"IT Lab Dawn Wallpaper | Ethereal 4K Desktop";"2,99";"https://digipicshopdesigns.etsy.com/de/listing/4532332007";"in stock";"new";"Out of dozens of generated variations, this scene made it through for one reason: the light feels right. The color temperature, the depth, the moment of stillness — it works whether you're deep in a focus session or on a video call where the background quietly says something about your taste. Handpicked for visual harmony, not just aesthetic novelty. Delivered as a crisp 4K file, ready to use.

What you get: {{IMG_COUNT}} high-resolution image files in 4K resolution. Use as your desktop wallpaper, Zoom background, Microsoft Teams backdrop, or any screen that needs a little more contemplation. Download, set, and transform your workspace instantly.

For those who believe the spaces we occupy — even digital ones — should be chosen, not defaulted to.

This product was created using AI and manually curated.

📩 Message me for a free installation guide – available in English, German, Spanish, and Portuguese for Windows, Mac, and Linux. @digipicshop";"https://raw.githubusercontent.com/Susderk/mockup-uploads/main/mockups/2026-07-04/Digital%20Dawn/1.png";"https://raw.githubusercontent.com/Susderk/mockup-uploads/main/mockups/2026-07-04/Digital%20Dawn/2.png, https://raw.githubusercontent.com/Susderk/mockup-uploads/main/mockups/2026-07-04/Digital%20Dawn/3.png, https://raw.githubusercontent.com/Susderk/mockup-uploads/main/mockups/2026-07-04/Digital%20Dawn/4.png";"999"
"DPS-WP-20260704-0405-004";"https://raw.githubusercontent.com/Susderk/mockup-uploads/main/mockups/2026-07-04/Moonlit%20Oak/Moonlit_Oak.mp4";"Moonlit Oak Tree Wallpaper | Ethereal Sepia 4K";"2,99";"https://digipicshopdesigns.etsy.com/de/listing/4532344900";"in stock";"new";"Out of dozens of generated variations, this scene made it through for one reason: the light feels right. The color temperature, the depth, the moment of stillness — it works whether you're deep in a focus session or on a video call where the background quietly says something about your taste. Handpicked for visual harmony, not just aesthetic novelty. Delivered as a crisp 4K file, ready to use.

What you get: {{IMG_COUNT}} high-resolution image files in 4K resolution, featuring a gnarled oak tree standing majestically in a moonlit meadow. The sepia vintage palette and ethereal nocturnal atmosphere create a grounding, mystical mood without competing with your screen. Use as a desktop wallpaper, Zoom background, Teams meeting backdrop, or any video call platform. Simply download, set, and enjoy.

For those who believe the spaces we occupy — even digital ones — should be chosen, not defaulted to.

This product was created using AI and manually curated.

📩 Message me for a free installation guide – available in English, German, Spanish, and Portuguese for Windows, Mac, and Linux. @digipicshop";"https://raw.githubusercontent.com/Susderk/mockup-uploads/main/mockups/2026-07-04/Moonlit%20Oak/1.png";"https://raw.githubusercontent.com/Susderk/mockup-uploads/main/mockups/2026-07-04/Moonlit%20Oak/2.png, https://raw.githubusercontent.com/Susderk/mockup-uploads/main/mockups/2026-07-04/Moonlit%20Oak/3.png, https://raw.githubusercontent.com/Susderk/mockup-uploads/main/mockups/2026-07-04/Moonlit%20Oak/4.png";"999"
"DPS-WP-20260704-0405-005";"https://raw.githubusercontent.com/Susderk/mockup-uploads/main/mockups/2026-07-04/Autumns%20Silent%20Wait/Autumns_Silent_Wait.mp4";"Abandoned School Entrance Wallpaper | Autumn Street Art 4K";"2,99";"https://digipicshopdesigns.etsy.com/de/listing/4532345144";"in stock";"new";"Out of dozens of generated variations, this scene made it through for one reason: the light feels right. The color temperature, the depth, the moment of stillness — it works whether you're deep in a focus session or on a video call where the background quietly says something about your taste. Handpicked for visual harmony, not just aesthetic novelty. Delivered as a crisp 4K file, ready to use.

What's included: {{IMG_COUNT}} high-resolution image files in stunning 4K resolution. Use as a desktop wallpaper to transform your workspace, or set as your Zoom, Teams, or Google Meet background for video calls. Simply download, select your screen size, and upload to your platform of choice. This moody autumn street-art scene brings atmospheric depth and artistic energy without competing with your work.

For those who believe the spaces we occupy — even digital ones — should be chosen, not defaulted to.

This product was created using AI and manually curated.

📩 Message me for a free installation guide – available in English, German, Spanish, and Portuguese for Windows, Mac, and Linux. @digipicshop";"https://raw.githubusercontent.com/Susderk/mockup-uploads/main/mockups/2026-07-04/Autumns%20Silent%20Wait/1.png";"https://raw.githubusercontent.com/Susderk/mockup-uploads/main/mockups/2026-07-04/Autumns%20Silent%20Wait/2.png, https://raw.githubusercontent.com/Susderk/mockup-uploads/main/mockups/2026-07-04/Autumns%20Silent%20Wait/3.png, https://raw.githubusercontent.com/Susderk/mockup-uploads/main/mockups/2026-07-04/Autumns%20Silent%20Wait/4.png";"999"
"DPS-WP-20260705-0152-001";"https://raw.githubusercontent.com/Susderk/mockup-uploads/main/mockups/2026-07-05/Digital%20Canvas/Digital_Canvas.mp4";"Ethereal Abstract Wallpaper | Soft 4K Desktop";"2,99";"https://digipicshopdesigns.etsy.com/de/listing/4532767303";"in stock";"new";"Out of dozens of generated variations, this scene made it through for one reason: the light feels right. The color temperature, the depth, the moment of stillness — it works whether you're deep in a focus session or on a video call where the background quietly says something about your taste. Handpicked for visual harmony, not just aesthetic novelty. Delivered as crisp 4K files, ready to use.

You'll receive {{IMG_COUNT}} high-resolution image files in 4K resolution — perfect for desktop wallpaper or Zoom/Teams backgrounds. Each file captures soft, diffused light and contemplative mood without competing with your screen. Simply download, set as your desktop background or virtual meeting backdrop, and transform your workspace instantly.

For those who believe the spaces we occupy — even digital ones — should be chosen, not defaulted to.

This product was created using AI and manually curated.

📩 Message me for a free installation guide – available in English, German, Spanish, and Portuguese for Windows, Mac, and Linux. @digipicshop";"https://raw.githubusercontent.com/Susderk/mockup-uploads/main/mockups/2026-07-05/Digital%20Canvas/1.png";"https://raw.githubusercontent.com/Susderk/mockup-uploads/main/mockups/2026-07-05/Digital%20Canvas/2.png, https://raw.githubusercontent.com/Susderk/mockup-uploads/main/mockups/2026-07-05/Digital%20Canvas/3.png, https://raw.githubusercontent.com/Susderk/mockup-uploads/main/mockups/2026-07-05/Digital%20Canvas/4.png";"999"
"DPS-WP-20260705-0152-002";"https://raw.githubusercontent.com/Susderk/mockup-uploads/main/mockups/2026-07-05/Digital%20Serenity/Digital_Serenity.mp4";"Ethereal Minimalist Wallpaper | Muted Neutral 4K";"2,99";"https://digipicshopdesigns.etsy.com/de/listing/4532780126";"in stock";"new";"Out of dozens of generated variations, this scene made it through for one reason: the light feels right. The color temperature, the depth, the moment of stillness — it works whether you're deep in a focus session or on a video call where the background quietly says something about your taste. Handpicked for visual harmony, not just aesthetic novelty. Delivered as a crisp 4K file, ready to use.

What you get: {{IMG_COUNT}} high-resolution image files in 4K resolution. Use as a desktop wallpaper, Zoom background, or Teams meeting backdrop. Simply download and set as your desktop image or upload to your video conferencing platform.

For those who believe the spaces we occupy — even digital ones — should be chosen, not defaulted to.

This product was created using AI and manually curated.

📩 Message me for a free installation guide – available in English, German, Spanish, and Portuguese for Windows, Mac, and Linux. @digipicshop";"https://raw.githubusercontent.com/Susderk/mockup-uploads/main/mockups/2026-07-05/Digital%20Serenity/1.png";"https://raw.githubusercontent.com/Susderk/mockup-uploads/main/mockups/2026-07-05/Digital%20Serenity/2.png, https://raw.githubusercontent.com/Susderk/mockup-uploads/main/mockups/2026-07-05/Digital%20Serenity/3.png, https://raw.githubusercontent.com/Susderk/mockup-uploads/main/mockups/2026-07-05/Digital%20Serenity/4.png";"999"
"DPS-WP-20260705-0152-003";"https://raw.githubusercontent.com/Susderk/mockup-uploads/main/mockups/2026-07-05/Digital%20Canvas/Digital_Canvas.mp4";"Ethereal Minimalist Wallpaper | Soft Gradient 4K";"2,99";"https://digipicshopdesigns.etsy.com/de/listing/4532767645";"in stock";"new";"Out of dozens of generated variations, this scene made it through for one reason: the light feels right. The color temperature, the depth, the moment of stillness — it works whether you're deep in a focus session or on a video call where the background quietly says something about your taste. Handpicked for visual harmony, not just aesthetic novelty. Delivered as a crisp 4K file, ready to use.

What you get: {{IMG_COUNT}} high-resolution image files in 4K resolution. Perfect as a desktop wallpaper or Zoom/Teams background. Simply download and set as your device background or virtual meeting backdrop — no installation needed.

For those who believe the spaces we occupy — even digital ones — should be chosen, not defaulted to.

This product was created using AI and manually curated.

📩 Message me for a free installation guide – available in English, German, Spanish, and Portuguese for Windows, Mac, and Linux. @digipicshop";"https://raw.githubusercontent.com/Susderk/mockup-uploads/main/mockups/2026-07-05/Digital%20Canvas/1.png";"https://raw.githubusercontent.com/Susderk/mockup-uploads/main/mockups/2026-07-05/Digital%20Canvas/2.png, https://raw.githubusercontent.com/Susderk/mockup-uploads/main/mockups/2026-07-05/Digital%20Canvas/3.png, https://raw.githubusercontent.com/Susderk/mockup-uploads/main/mockups/2026-07-05/Digital%20Canvas/4.png";"999"
"DPS-WP-20260705-0152-004";"https://raw.githubusercontent.com/Susderk/mockup-uploads/main/mockups/2026-07-05/Digital%20Canvas/Digital_Canvas.mp4";"Minimalist Abstract Wallpaper | Serene 4K Desktop";"2,99";"https://digipicshopdesigns.etsy.com/de/listing/4532780442";"in stock";"new";"Out of dozens of generated variations, this scene made it through for one reason: the light feels right. The color temperature, the depth, the moment of stillness — it works whether you're deep in a focus session or on a video call where the background quietly says something about your taste. Handpicked for visual harmony, not just aesthetic novelty.

What you get: {{IMG_COUNT}} high-resolution image files in 4K resolution, ready to download instantly. Use as a desktop wallpaper, Zoom background, or Teams meeting backdrop. Simply download, set as your background, and enjoy a workspace that breathes.

For those who believe the spaces we occupy — even digital ones — should be chosen, not defaulted to.

This product was created using AI and manually curated.

📩 Message me for a free installation guide – available in English, German, Spanish, and Portuguese for Windows, Mac, and Linux. @digipicshop";"https://raw.githubusercontent.com/Susderk/mockup-uploads/main/mockups/2026-07-05/Digital%20Canvas/1.png";"https://raw.githubusercontent.com/Susderk/mockup-uploads/main/mockups/2026-07-05/Digital%20Canvas/2.png, https://raw.githubusercontent.com/Susderk/mockup-uploads/main/mockups/2026-07-05/Digital%20Canvas/3.png, https://raw.githubusercontent.com/Susderk/mockup-uploads/main/mockups/2026-07-05/Digital%20Canvas/4.png";"999"
"DPS-WP-20260705-0152-005";"https://raw.githubusercontent.com/Susderk/mockup-uploads/main/mockups/2026-07-05/Digital%20Elegance/Digital_Elegance.mp4";"Serene Neutral Wallpaper | Soft Atmospheric 4K";"2,99";"https://digipicshopdesigns.etsy.com/de/listing/4532780558";"in stock";"new";"Out of dozens of generated variations, this scene made it through for one reason: the light feels right. The color temperature, the depth, the moment of stillness — it works whether you're deep in a focus session or on a video call where the background quietly says something about your taste. Handpicked for visual harmony, not just aesthetic novelty.

What you get: {{IMG_COUNT}} high-resolution image files in 4K resolution, ready to use as your desktop wallpaper or Zoom and Teams background. The soft neutral palette and layered atmospheric depth create a calming visual foundation that won't distract from your work. Simply download, set as your wallpaper, and enjoy.

For those who believe the spaces we occupy — even digital ones — should be chosen, not defaulted to.

This product was created using AI and manually curated.

📩 Message me for a free installation guide – available in English, German, Spanish, and Portuguese for Windows, Mac, and Linux. @digipicshop";"https://raw.githubusercontent.com/Susderk/mockup-uploads/main/mockups/2026-07-05/Digital%20Elegance/1.png";"https://raw.githubusercontent.com/Susderk/mockup-uploads/main/mockups/2026-07-05/Digital%20Elegance/2.png, https://raw.githubusercontent.com/Susderk/mockup-uploads/main/mockups/2026-07-05/Digital%20Elegance/3.png, https://raw.githubusercontent.com/Susderk/mockup-uploads/main/mockups/2026-07-05/Digital%20Elegance/4.png";"999"
"DPS-WP-20260706-0938-001";"https://raw.githubusercontent.com/Susderk/mockup-uploads/main/mockups/2026-07-06/Neon%20Silence/Neon_Silence.mp4";"Retro Playground Wallpaper | Synthwave 80s 4K";"2,99";"https://digipicshopdesigns.etsy.com/de/listing/4533156125";"in stock";"new";"Out of dozens of generated variations, this scene made it through for one reason: the light feels right. The color temperature, the depth, the moment of stillness — it works whether you're deep in a focus session or on a video call where the background quietly says something about your taste. Handpicked for visual harmony, not just aesthetic novelty. Delivered as a crisp 4K file, ready to use.

What you get: {{IMG_COUNT}} high-resolution image files in 4K resolution. This retro 80s synthwave playground scene features golden and ivory luxury tones with luminous bokeh effects — a nostalgic, dreamy aesthetic perfect for desktop wallpaper or Zoom and Teams backgrounds. Download, set as your desktop background or virtual meeting backdrop, and enjoy.

For those who believe the spaces we occupy — even digital ones — should be chosen, not defaulted to.

This product was created using AI and manually curated.

📩 Message me for a free installation guide – available in English, German, Spanish, and Portuguese for Windows, Mac, and Linux. @digipicshop";"https://raw.githubusercontent.com/Susderk/mockup-uploads/main/mockups/2026-07-06/Neon%20Silence/1.png";"https://raw.githubusercontent.com/Susderk/mockup-uploads/main/mockups/2026-07-06/Neon%20Silence/2.png, https://raw.githubusercontent.com/Susderk/mockup-uploads/main/mockups/2026-07-06/Neon%20Silence/3.png, https://raw.githubusercontent.com/Susderk/mockup-uploads/main/mockups/2026-07-06/Neon%20Silence/4.png";"999"
"DPS-WP-20260706-0938-002";"https://raw.githubusercontent.com/Susderk/mockup-uploads/main/mockups/2026-07-06/Canyon%20Geometry/Canyon_Geometry.mp4";"Low-Poly Canyon Arch Wallpaper | Ethereal 4K";"2,99";"https://digipicshopdesigns.etsy.com/de/listing/4533156369";"in stock";"new";"Out of dozens of generated variations, this scene made it through for one reason: the light feels right. The color temperature, the depth, the moment of stillness — it works whether you're deep in a focus session or on a video call where the background quietly says something about your taste. Handpicked for visual harmony, not just aesthetic novelty. Delivered as a crisp 4K file, ready to use.

What's included: {{IMG_COUNT}} high-resolution image files in 4K resolution. Use as your desktop wallpaper or Zoom and Teams meeting background. Download, set as your background, and you're done — instant transformation.

For those who believe the spaces we occupy — even digital ones — should be chosen, not defaulted to.

This product was created using AI and manually curated.

📩 Message me for a free installation guide – available in English, German, Spanish, and Portuguese for Windows, Mac, and Linux. @digipicshop";"https://raw.githubusercontent.com/Susderk/mockup-uploads/main/mockups/2026-07-06/Canyon%20Geometry/1.png";"https://raw.githubusercontent.com/Susderk/mockup-uploads/main/mockups/2026-07-06/Canyon%20Geometry/2.png, https://raw.githubusercontent.com/Susderk/mockup-uploads/main/mockups/2026-07-06/Canyon%20Geometry/3.png, https://raw.githubusercontent.com/Susderk/mockup-uploads/main/mockups/2026-07-06/Canyon%20Geometry/4.png";"999"
"DPS-WP-20260706-0938-003";"https://raw.githubusercontent.com/Susderk/mockup-uploads/main/mockups/2026-07-06/Neon%20Library%20Dreams/Neon_Library_Dreams.mp4";"Synthwave Library Wallpaper | Retro 80s 4K";"2,99";"https://digipicshopdesigns.etsy.com/de/listing/4533156621";"in stock";"new";"Built for screens that mean business. The color palette pulls from digital infrastructure — the kind of visual language that shows up in server rooms, late-night coding sessions, and setups where the aesthetic is part of the workflow. This synthwave library scene merges retro 80s energy with cool arctic blues and neon-tinged atmospheric glow, creating depth through a tunnel perspective that draws the eye inward. The luminous haze and dramatic vanishing point deliver visual tension without becoming noise.

What you get: {{IMG_COUNT}} high-resolution image files in 4K resolution, ready to download instantly. Use as a desktop wallpaper to transform your workspace, or set as a Zoom or Teams background to bring moody retro energy into your video calls. Simply download the files and set as your wallpaper or upload to your meeting platform.

For setups where the aesthetic isn't decoration — it's signal.

This product was created using AI and manually curated.

📩 Message me for a free installation guide – available in English, German, Spanish, and Portuguese for Windows, Mac, and Linux. @digipicshop";"https://raw.githubusercontent.com/Susderk/mockup-uploads/main/mockups/2026-07-06/Neon%20Library%20Dreams/1.png";"https://raw.githubusercontent.com/Susderk/mockup-uploads/main/mockups/2026-07-06/Neon%20Library%20Dreams/2.png, https://raw.githubusercontent.com/Susderk/mockup-uploads/main/mockups/2026-07-06/Neon%20Library%20Dreams/3.png, https://raw.githubusercontent.com/Susderk/mockup-uploads/main/mockups/2026-07-06/Neon%20Library%20Dreams/4.png";"999"
"DPS-WP-20260706-0938-004";"https://raw.githubusercontent.com/Susderk/mockup-uploads/main/mockups/2026-07-06/Desert%20Tech%20Glow/Desert_Tech_Glow.mp4";"Neon IT Lab Wallpaper | Dark Tech Street Art 4K";"2,99";"https://digipicshopdesigns.etsy.com/de/listing/4533156947";"in stock";"new";"Built for screens that mean business. The color palette pulls from digital infrastructure — the kind of visual language that shows up in server rooms, late-night coding sessions, and setups where the aesthetic is part of the workflow. High contrast, layered depth, and enough visual tension to keep things interesting without becoming noise. A background that matches the energy of the work.

This set includes {{IMG_COUNT}} high-resolution 4K image files in various formats, ready to download and use instantly. Works seamlessly as a desktop wallpaper, Zoom background, or Teams meeting backdrop. Simply download, select your preferred image size, and set as your background — no installation needed.

For setups where the aesthetic isn't decoration — it's signal.

This product was created using AI and manually curated.

📩 Message me for a free installation guide – available in English, German, Spanish, and Portuguese for Windows, Mac, and Linux. @digipicshop";"https://raw.githubusercontent.com/Susderk/mockup-uploads/main/mockups/2026-07-06/Desert%20Tech%20Glow/1.png";"https://raw.githubusercontent.com/Susderk/mockup-uploads/main/mockups/2026-07-06/Desert%20Tech%20Glow/2.png, https://raw.githubusercontent.com/Susderk/mockup-uploads/main/mockups/2026-07-06/Desert%20Tech%20Glow/3.png, https://raw.githubusercontent.com/Susderk/mockup-uploads/main/mockups/2026-07-06/Desert%20Tech%20Glow/4.png";"999"
"DPS-WP-20260706-0938-005";"https://raw.githubusercontent.com/Susderk/mockup-uploads/main/mockups/2026-07-06/Emerald%20Grotto/Emerald_Grotto.mp4";"Crystal Grotto Wallpaper | Serene Cave 4K Desktop";"2,99";"https://digipicshopdesigns.etsy.com/de/listing/4533157239";"in stock";"new";"Some workspaces need a horizon. This scene brings in natural light, open distance, and the kind of quiet that makes focused work feel less confined. It's grounding without being decorative — the kind of background that doesn't compete with what's on screen, but gives the room a different quality of air. Works for video calls, deep work sessions, and spaces that need to feel a little less like offices.

What you get: {{IMG_COUNT}} high-resolution image files, each in stunning 4K resolution. Perfect for use as a desktop wallpaper or virtual meeting background on Zoom, Teams, or any video platform. Simply download, open your settings, and set as your background — no installation required.

Made for anyone who wants their workspace to feel less like infrastructure and more like a place worth being.

This product was created using AI and manually curated.

📩 Message me for a free installation guide – available in English, German, Spanish, and Portuguese for Windows, Mac, and Linux. @digipicshop";"https://raw.githubusercontent.com/Susderk/mockup-uploads/main/mockups/2026-07-06/Emerald%20Grotto/1.png";"https://raw.githubusercontent.com/Susderk/mockup-uploads/main/mockups/2026-07-06/Emerald%20Grotto/2.png, https://raw.githubusercontent.com/Susderk/mockup-uploads/main/mockups/2026-07-06/Emerald%20Grotto/3.png, https://raw.githubusercontent.com/Susderk/mockup-uploads/main/mockups/2026-07-06/Emerald%20Grotto/4.png";"999"
"DPS-WP-20260707-0158-002";"https://raw.githubusercontent.com/Susderk/mockup-uploads/main/mockups/2026-07-07/Arctic%20Pharmacy/Arctic_Pharmacy.mp4";"Pharmacy Bottles Wallpaper | Cool Blue Moody 4K";"2,99";"https://digipicshopdesigns.etsy.com/de/listing/4533697103";"in stock";"new";"Out of dozens of generated variations, this scene made it through for one reason: the light feels right. The cool blue palette, the symmetry of organized shelves, the tension of twilight pharmacy stillness — it works whether you're deep in a focus session or on a video call where the background quietly says something about your aesthetic sensibility. Handpicked for visual harmony, not just novelty.

What you get: {{IMG_COUNT}} high-resolution image files in crisp 4K resolution. Use as a desktop wallpaper, Zoom background, or Teams meeting backdrop. Simply download, open the file on your device, and set as your wallpaper or virtual background in your video call app.

For those who believe the spaces we occupy — even digital ones — should be chosen, not defaulted to.

This product was created using AI and manually curated.

📩 Message me for a free installation guide – available in English, German, Spanish, and Portuguese for Windows, Mac, and Linux. @digipicshop";"https://raw.githubusercontent.com/Susderk/mockup-uploads/main/mockups/2026-07-07/Arctic%20Pharmacy/1.png";"https://raw.githubusercontent.com/Susderk/mockup-uploads/main/mockups/2026-07-07/Arctic%20Pharmacy/2.png, https://raw.githubusercontent.com/Susderk/mockup-uploads/main/mockups/2026-07-07/Arctic%20Pharmacy/3.png, https://raw.githubusercontent.com/Susderk/mockup-uploads/main/mockups/2026-07-07/Arctic%20Pharmacy/4.png";"999"
"DPS-WP-20260707-0158-003";"https://raw.githubusercontent.com/Susderk/mockup-uploads/main/mockups/2026-07-07/Neon%20Desert%20Nights/Neon_Desert_Nights.mp4";"Desert Gas Station Wallpaper | Neon Night 4K";"2,99";"https://digipicshopdesigns.etsy.com/de/listing/4533697353";"in stock";"new";"Built for screens that mean business. The color palette pulls from digital infrastructure — the kind of visual language that shows up in server rooms, late-night coding sessions, and setups where the aesthetic is part of the workflow. This neon-soaked desert highway at night delivers high contrast, layered depth, and enough visual tension to keep things interesting without becoming noise. The wet asphalt mirrors the glow overhead, creating a moody atmospheric pull that draws focus inward.

Included: {{IMG_COUNT}} high-resolution image files in 4K, ready to use as desktop wallpaper or Zoom/Teams background. Download, set, and go — no installation needed.

For setups where the aesthetic isn't decoration — it's signal.

This product was created using AI and manually curated.

📩 Message me for a free installation guide – available in English, German, Spanish, and Portuguese for Windows, Mac, and Linux. @digipicshop";"https://raw.githubusercontent.com/Susderk/mockup-uploads/main/mockups/2026-07-07/Neon%20Desert%20Nights/1.png";"https://raw.githubusercontent.com/Susderk/mockup-uploads/main/mockups/2026-07-07/Neon%20Desert%20Nights/2.png, https://raw.githubusercontent.com/Susderk/mockup-uploads/main/mockups/2026-07-07/Neon%20Desert%20Nights/3.png, https://raw.githubusercontent.com/Susderk/mockup-uploads/main/mockups/2026-07-07/Neon%20Desert%20Nights/4.png";"999"
"DPS-WP-20260707-0158-004";"https://raw.githubusercontent.com/Susderk/mockup-uploads/main/mockups/2026-07-07/Golden%20Hour/Golden_Hour.mp4";"Bright Airy Room Wallpaper | Morning Light 4K";"2,99";"https://digipicshopdesigns.etsy.com/de/listing/4533697631";"in stock";"new";"Some workspaces need a horizon. This scene brings in natural light, open distance, and the kind of quiet that makes focused work feel less confined. It's grounding without being decorative — the kind of background that doesn't compete with what's on screen, but gives the room a different quality of air. Works for video calls, deep work sessions, and spaces that need to feel a little less like offices.

What's included: {{IMG_COUNT}} high-resolution image files in 4K resolution. Use as a desktop wallpaper or Zoom/Teams meeting background. Simply download, and set as your device wallpaper or upload to your video conferencing platform.

Made for anyone who wants their workspace to feel less like infrastructure and more like a place worth being.

This product was created using AI and manually curated.

📩 Message me for a free installation guide – available in English, German, Spanish, and Portuguese for Windows, Mac, and Linux. @digipicshop";"https://raw.githubusercontent.com/Susderk/mockup-uploads/main/mockups/2026-07-07/Golden%20Hour/1.png";"https://raw.githubusercontent.com/Susderk/mockup-uploads/main/mockups/2026-07-07/Golden%20Hour/2.png, https://raw.githubusercontent.com/Susderk/mockup-uploads/main/mockups/2026-07-07/Golden%20Hour/3.png, https://raw.githubusercontent.com/Susderk/mockup-uploads/main/mockups/2026-07-07/Golden%20Hour/4.png";"999"
"DPS-WP-20260707-0158-005";"https://raw.githubusercontent.com/Susderk/mockup-uploads/main/mockups/2026-07-07/First%20Day%20Magic/First_Day_Magic.mp4";"Geometric Backpack Wallpaper | Neon Rainbow 4K";"2,99";"https://digipicshopdesigns.etsy.com/de/listing/4533711088";"in stock";"new";"Built for screens that mean business. The color palette pulls from digital infrastructure — prismatic neon geometry caught in soft, dreamy golden light. High contrast layered depth and enough visual tension to keep things interesting without becoming noise. This dreamlike aesthetic brings together geometric precision and warm atmospheric glow, creating a background that works whether you're deep in a focus session or on a video call where the aesthetic is part of the workflow.

What's included: {{IMG_COUNT}} high-resolution image files in 4K resolution, ready to use as desktop wallpaper or Zoom/Teams background. Simply download, set as your device background, and you're done.

For setups where the aesthetic isn't decoration — it's signal.

This product was created using AI and manually curated.

📩 Message me for a free installation guide – available in English, German, Spanish, and Portuguese for Windows, Mac, and Linux. @digipicshop";"https://raw.githubusercontent.com/Susderk/mockup-uploads/main/mockups/2026-07-07/First%20Day%20Magic/1.png";"https://raw.githubusercontent.com/Susderk/mockup-uploads/main/mockups/2026-07-07/First%20Day%20Magic/2.png, https://raw.githubusercontent.com/Susderk/mockup-uploads/main/mockups/2026-07-07/First%20Day%20Magic/3.png, https://raw.githubusercontent.com/Susderk/mockup-uploads/main/mockups/2026-07-07/First%20Day%20Magic/4.png";"999"
"DPS-WP-20260708-0154-001";"https://raw.githubusercontent.com/Susderk/mockup-uploads/main/mockups/2026-07-08/Awaiting%20Departure/Awaiting_Departure.mp4";"Yellow School Bus Wallpaper | Ethereal Morning 4K";"2,99";"https://digipicshopdesigns.etsy.com/de/listing/4534284955";"in stock";"new";"Out of dozens of generated variations, this scene made it through for one reason: the light feels right. The color temperature, the depth, the moment of stillness — it works whether you're deep in a focus session or on a video call where the background quietly says something about your taste. Handpicked for visual harmony, not just aesthetic novelty. Delivered as a crisp 4K file, ready to use.

What you get: {{IMG_COUNT}} high-resolution image files in 4K resolution. Each file captures a solitary yellow school bus bathed in ethereal morning light, graded in moody teals and corals with luminous haze effects that bring quiet tension and atmospheric depth to your screen.

Use cases: Desktop wallpaper, Zoom background, Teams meeting backdrop, or any video call platform. Simply download, extract, and set as your background — no installation needed.

For those who believe the spaces we occupy — even digital ones — should be chosen, not defaulted to.

This product was created using AI and manually curated.

📩 Message me for a free installation guide – available in English, German, Spanish, and Portuguese for Windows, Mac, and Linux. @digipicshop";"https://raw.githubusercontent.com/Susderk/mockup-uploads/main/mockups/2026-07-08/Awaiting%20Departure/1.png";"https://raw.githubusercontent.com/Susderk/mockup-uploads/main/mockups/2026-07-08/Awaiting%20Departure/2.png, https://raw.githubusercontent.com/Susderk/mockup-uploads/main/mockups/2026-07-08/Awaiting%20Departure/3.png, https://raw.githubusercontent.com/Susderk/mockup-uploads/main/mockups/2026-07-08/Awaiting%20Departure/4.png";"999"
"DPS-WP-20260708-0154-003";"https://raw.githubusercontent.com/Susderk/mockup-uploads/main/mockups/2026-07-08/Nostalgic%20Notes/Nostalgic_Notes.mp4";"Retro Synthwave Lunch Box Wallpaper | Nostalgic 4K";"2,99";"https://digipicshopdesigns.etsy.com/de/listing/4534300660";"in stock";"new";"Out of dozens of generated variations, this scene made it through for one reason: the light feels right. The color temperature, the depth, the moment of stillness — it works whether you're deep in a focus session or on a video call where the background quietly says something about your taste. Handpicked for visual harmony, not just aesthetic novelty.

This bundle includes {{IMG_COUNT}} high-resolution image files in 4K resolution. Use them as a desktop wallpaper, Zoom background, or Teams meeting backdrop. The warm sunset palette and ethereal synthwave nostalgia bring a calm, focused energy to your workspace without competing with your screen content. Simply download, select your preferred file, and set as your desktop or virtual meeting background.

For those who believe the spaces we occupy — even digital ones — should be chosen, not defaulted to.

This product was created using AI and manually curated.

📩 Message me for a free installation guide – available in English, German, Spanish, and Portuguese for Windows, Mac, and Linux. @digipicshop";"https://raw.githubusercontent.com/Susderk/mockup-uploads/main/mockups/2026-07-08/Nostalgic%20Notes/1.png";"https://raw.githubusercontent.com/Susderk/mockup-uploads/main/mockups/2026-07-08/Nostalgic%20Notes/2.png, https://raw.githubusercontent.com/Susderk/mockup-uploads/main/mockups/2026-07-08/Nostalgic%20Notes/3.png, https://raw.githubusercontent.com/Susderk/mockup-uploads/main/mockups/2026-07-08/Nostalgic%20Notes/4.png";"999"
"DPS-WP-20260708-0154-004";"https://raw.githubusercontent.com/Susderk/mockup-uploads/main/mockups/2026-07-08/Market%20Serenity/Market_Serenity.mp4";"Medieval Market Street Art Wallpaper | Purple Cyan 4K";"2,99";"https://digipicshopdesigns.etsy.com/de/listing/4534285525";"in stock";"new";"Out of dozens of generated variations, this scene made it through for one reason: the light feels right. The color temperature, the depth, the moment of stillness — it works whether you're deep in a focus session or on a video call where the background quietly says something about your taste. Handpicked for visual harmony, not just aesthetic novelty. Delivered as a crisp 4K file, ready to use.

This bundle includes {{IMG_COUNT}} high-resolution image files in 4K resolution. Each file is ready to set as your desktop wallpaper or use as a Zoom, Teams, or Google Meet background. The purple and cyan street-art aesthetic creates a serene, focused atmosphere without competing with your workspace.

Simply download, select your preferred image file, and set it as your wallpaper or virtual meeting background using your device's display settings.

For those who believe the spaces we occupy — even digital ones — should be chosen, not defaulted to.

This product was created using AI and manually curated.

📩 Message me for a free installation guide – available in English, German, Spanish, and Portuguese for Windows, Mac, and Linux. @digipicshop";"https://raw.githubusercontent.com/Susderk/mockup-uploads/main/mockups/2026-07-08/Market%20Serenity/1.png";"https://raw.githubusercontent.com/Susderk/mockup-uploads/main/mockups/2026-07-08/Market%20Serenity/2.png, https://raw.githubusercontent.com/Susderk/mockup-uploads/main/mockups/2026-07-08/Market%20Serenity/3.png, https://raw.githubusercontent.com/Susderk/mockup-uploads/main/mockups/2026-07-08/Market%20Serenity/4.png";"999"
"DPS-WP-20260708-0154-005";"https://raw.githubusercontent.com/Susderk/mockup-uploads/main/mockups/2026-07-08/Misty%20Morning%20Bikes/Misty_Morning_Bikes.mp4";"Misty Bicycle Fence Wallpaper | Warm Pastel 4K";"2,99";"https://digipicshopdesigns.etsy.com/de/listing/4534301166";"in stock";"new";"Out of dozens of generated variations, this scene made it through for one reason: the light feels right. The color temperature, the depth, the moment of stillness — it works whether you're deep in a focus session or on a video call where the background quietly says something about your taste. Handpicked for visual harmony, not just aesthetic novelty. Delivered as a crisp 4K file, ready to use.

What's included: {{IMG_COUNT}} high-resolution image files in 4K resolution. Use as a desktop wallpaper, Zoom background, or Teams meeting backdrop. Simply download, extract, and set as your wallpaper — no installation needed.

For those who believe the spaces we occupy — even digital ones — should be chosen, not defaulted to.

This product was created using AI and manually curated.

📩 Message me for a free installation guide – available in English, German, Spanish, and Portuguese for Windows, Mac, and Linux. @digipicshop";"https://raw.githubusercontent.com/Susderk/mockup-uploads/main/mockups/2026-07-08/Misty%20Morning%20Bikes/1.png";"https://raw.githubusercontent.com/Susderk/mockup-uploads/main/mockups/2026-07-08/Misty%20Morning%20Bikes/2.png, https://raw.githubusercontent.com/Susderk/mockup-uploads/main/mockups/2026-07-08/Misty%20Morning%20Bikes/3.png, https://raw.githubusercontent.com/Susderk/mockup-uploads/main/mockups/2026-07-08/Misty%20Morning%20Bikes/4.png";"999"
"DPS-WP-20260709-0153-001";"https://raw.githubusercontent.com/Susderk/mockup-uploads/main/mockups/2026-07-09/Scholars%20Sanctuary/Scholars_Sanctuary.mp4";"Dark Academia Desk Wallpaper | Moody 4K Sunset";"2,99";"https://digipicshopdesigns.etsy.com/de/listing/4534865280";"in stock";"new";"Out of dozens of generated variations, this scene made it through for one reason: the light feels right. The color temperature, the depth, the moment of stillness — it works whether you're deep in a focus session or on a video call where the background quietly says something about your taste. Handpicked for visual harmony, not just aesthetic novelty. Delivered as a crisp 4K file, ready to use.

What's included: {{IMG_COUNT}} high-resolution image files in 4K resolution. Perfect for desktop wallpaper, Zoom backgrounds, Teams calls, and virtual meeting setups. Simply download, select your preferred image, and set as your wallpaper or video call background.

For those who believe the spaces we occupy — even digital ones — should be chosen, not defaulted to.

This product was created using AI and manually curated.

📩 Message me for a free installation guide – available in English, German, Spanish, and Portuguese for Windows, Mac, and Linux. @digipicshop";"https://raw.githubusercontent.com/Susderk/mockup-uploads/main/mockups/2026-07-09/Scholars%20Sanctuary/1.png";"https://raw.githubusercontent.com/Susderk/mockup-uploads/main/mockups/2026-07-09/Scholars%20Sanctuary/2.png, https://raw.githubusercontent.com/Susderk/mockup-uploads/main/mockups/2026-07-09/Scholars%20Sanctuary/3.png, https://raw.githubusercontent.com/Susderk/mockup-uploads/main/mockups/2026-07-09/Scholars%20Sanctuary/4.png";"999"
"DPS-WP-20260709-0153-002";"https://raw.githubusercontent.com/Susderk/mockup-uploads/main/mockups/2026-07-09/Neon%20Kitchen/Neon_Kitchen.mp4";"Geometric Cafeteria Wallpaper | Neon Rainbow 4K";"2,99";"https://digipicshopdesigns.etsy.com/de/listing/4534865564";"in stock";"new";"Built for screens that mean business. The color palette pulls from digital infrastructure — the kind of visual language that shows up in server rooms, late-night coding sessions, and setups where the aesthetic is part of the workflow. High contrast, layered depth, and enough visual tension to keep things interesting without becoming noise. A background that matches the energy of the work.

This set includes {{IMG_COUNT}} high-resolution image files in 4K resolution. Each file works seamlessly as a desktop wallpaper or Zoom/Teams background, bringing geometric warmth and neon energy to your workspace. Download and use instantly — no installation required.

For setups where the aesthetic isn't decoration — it's signal.

This product was created using AI and manually curated.

📩 Message me for a free installation guide – available in English, German, Spanish, and Portuguese for Windows, Mac, and Linux. @digipicshop";"https://raw.githubusercontent.com/Susderk/mockup-uploads/main/mockups/2026-07-09/Neon%20Kitchen/1.png";"https://raw.githubusercontent.com/Susderk/mockup-uploads/main/mockups/2026-07-09/Neon%20Kitchen/2.png, https://raw.githubusercontent.com/Susderk/mockup-uploads/main/mockups/2026-07-09/Neon%20Kitchen/3.png, https://raw.githubusercontent.com/Susderk/mockup-uploads/main/mockups/2026-07-09/Neon%20Kitchen/4.png";"999"
"DPS-WP-20260709-0153-003";"https://raw.githubusercontent.com/Susderk/mockup-uploads/main/mockups/2026-07-09/Milestone%20Dreams/Milestone_Dreams.mp4";"Graduation Stage Wallpaper | Ethereal Pastel 4K";"2,99";"https://digipicshopdesigns.etsy.com/de/listing/4534851201";"in stock";"new";"Out of dozens of generated variations, this scene made it through for one reason: the light feels right. The color temperature, the depth, the moment of stillness — it works whether you're deep in a focus session or on a video call where the background quietly says something about your taste. Handpicked for visual harmony, not just aesthetic novelty. Delivered as a crisp 4K file, ready to use.

What's included: {{IMG_COUNT}} high-resolution image files in 4K resolution. Each captures a soft-focus graduation stage framed by muted lavender and peach tones, with scattered flowers, confetti, and luminous mist creating an ethereal, dreamy atmosphere.

Use as your desktop wallpaper, Zoom background, or Teams backdrop. Simply download, select your screen resolution, and set as wallpaper — instant transformation.

For those who believe the spaces we occupy — even digital ones — should be chosen, not defaulted to.

This product was created using AI and manually curated.

📩 Message me for a free installation guide – available in English, German, Spanish, and Portuguese for Windows, Mac, and Linux. @digipicshop";"https://raw.githubusercontent.com/Susderk/mockup-uploads/main/mockups/2026-07-09/Milestone%20Dreams/1.png";"https://raw.githubusercontent.com/Susderk/mockup-uploads/main/mockups/2026-07-09/Milestone%20Dreams/2.png, https://raw.githubusercontent.com/Susderk/mockup-uploads/main/mockups/2026-07-09/Milestone%20Dreams/3.png, https://raw.githubusercontent.com/Susderk/mockup-uploads/main/mockups/2026-07-09/Milestone%20Dreams/4.png";"999"
"DPS-WP-20260709-0153-004";"https://raw.githubusercontent.com/Susderk/mockup-uploads/main/mockups/2026-07-09/Nostalgic%20School/Nostalgic_School.mp4";"Autumn Synthwave Pathway | Retro 80s Wallpaper 4K";"2,99";"https://digipicshopdesigns.etsy.com/de/listing/4534851481";"in stock";"new";"Out of dozens of generated variations, this scene made it through for one reason: the light feels right. The color temperature, the depth, the moment of stillness — it works whether you're deep in a focus session or on a video call where the background quietly says something about your taste. Handpicked for visual harmony, not just aesthetic novelty. Delivered as a crisp 4K file, ready to use.

This bundle includes {{IMG_COUNT}} high-resolution image files in 4K resolution. Each file is optimized for desktop wallpaper and works seamlessly as a Zoom or Teams background. Simply download, select your preferred image file, and set it as your desktop background or virtual meeting backdrop. For those who believe the spaces we occupy — even digital ones — should be chosen, not defaulted to.

This product was created using AI and manually curated.

📩 Message me for a free installation guide – available in English, German, Spanish, and Portuguese for Windows, Mac, and Linux. @digipicshop";"https://raw.githubusercontent.com/Susderk/mockup-uploads/main/mockups/2026-07-09/Nostalgic%20School/1.png";"https://raw.githubusercontent.com/Susderk/mockup-uploads/main/mockups/2026-07-09/Nostalgic%20School/2.png, https://raw.githubusercontent.com/Susderk/mockup-uploads/main/mockups/2026-07-09/Nostalgic%20School/3.png, https://raw.githubusercontent.com/Susderk/mockup-uploads/main/mockups/2026-07-09/Nostalgic%20School/4.png";"999"
"DPS-WP-20260709-0153-005";"https://raw.githubusercontent.com/Susderk/mockup-uploads/main/mockups/2026-07-09/Autumn%20Peace/Autumn_Peace.mp4";"Autumn Crosswalk Wallpaper | Ethereal Teal Coral 4K";"2,99";"https://digipicshopdesigns.etsy.com/de/listing/4534851767";"in stock";"new";"Some workspaces need a horizon. This scene brings in natural light, open distance, and the kind of quiet that makes focused work feel less confined. It's grounding without being decorative — the kind of background that doesn't compete with what's on screen, but gives the room a different quality of air. Works for video calls, deep work sessions, and spaces that need to feel a little less like offices.

What you get: {{IMG_COUNT}} high-resolution image files in 4K resolution. Use as a desktop wallpaper, Zoom background, or Teams meeting backdrop. Simply download, set as your background, and refresh your workspace instantly.

Made for anyone who wants their workspace to feel less like infrastructure and more like a place worth being.

This product was created using AI and manually curated.

📩 Message me for a free installation guide – available in English, German, Spanish, and Portuguese for Windows, Mac, and Linux. @digipicshop";"https://raw.githubusercontent.com/Susderk/mockup-uploads/main/mockups/2026-07-09/Autumn%20Peace/1.png";"https://raw.githubusercontent.com/Susderk/mockup-uploads/main/mockups/2026-07-09/Autumn%20Peace/2.png, https://raw.githubusercontent.com/Susderk/mockup-uploads/main/mockups/2026-07-09/Autumn%20Peace/3.png, https://raw.githubusercontent.com/Susderk/mockup-uploads/main/mockups/2026-07-09/Autumn%20Peace/4.png";"999"
"DPS-WP-20260710-0156-001";"https://raw.githubusercontent.com/Susderk/mockup-uploads/main/mockups/2026-07-10/Neon%20Autumn%20Gateway/Neon_Autumn_Gateway.mp4";"Autumn School Wallpaper | Warm Golden 4K Desktop";"2,99";"https://digipicshopdesigns.etsy.com/de/listing/4535428784";"in stock";"new";"Out of dozens of generated variations, this scene made it through for one reason: the light feels right. The color temperature, the depth, the moment of stillness — it works whether you're deep in a focus session or on a video call where the background quietly says something about your taste. Fiery red and orange leaves scattered across a warm school entrance, golden tones glowing with the energy of an autumn morning. Handpicked for visual harmony, not just aesthetic novelty. Delivered as a crisp 4K file, ready to use.

This Digital Download includes {{IMG_COUNT}} high-resolution image files at 4K resolution. Use them as desktop wallpaper on any device, or set one as your Zoom or Microsoft Teams virtual background for your next meeting. Simply download, choose your file, and apply — no editing required.

For those who believe the spaces we occupy — even digital ones — should be chosen, not defaulted to.

This product was created using AI and manually curated.

📩 Message me for a free installation guide – available in English, German, Spanish, and Portuguese for Windows, Mac, and Linux. @digipicshop";"https://raw.githubusercontent.com/Susderk/mockup-uploads/main/mockups/2026-07-10/Neon%20Autumn%20Gateway/1.png";"https://raw.githubusercontent.com/Susderk/mockup-uploads/main/mockups/2026-07-10/Neon%20Autumn%20Gateway/2.png, https://raw.githubusercontent.com/Susderk/mockup-uploads/main/mockups/2026-07-10/Neon%20Autumn%20Gateway/3.png, https://raw.githubusercontent.com/Susderk/mockup-uploads/main/mockups/2026-07-10/Neon%20Autumn%20Gateway/4.png";"999"
"DPS-WP-20260710-0156-002";"https://raw.githubusercontent.com/Susderk/mockup-uploads/main/mockups/2026-07-10/Dawns%20Silent%20Lesson/Dawns_Silent_Lesson.mp4";"Classroom Whiteboard Wallpaper | Fiery Abstract 4K";"2,99";"https://digipicshopdesigns.etsy.com/de/listing/4535416751";"in stock";"new";"Out of dozens of generated variations, this scene made it through for one reason: the light feels right. The color temperature, the depth, the moment of stillness — it works whether you're deep in a focus session or on a video call where the background quietly says something about your taste. Handpicked for visual harmony, not just aesthetic novelty. Delivered as a crisp 4K file, ready to use.

Fiery reds and oranges sweep across a classroom whiteboard in loose, gestural strokes — stormy skies pressing through the windows, deep shadows layering the scene with painterly tension. Abstract and non-representational, with soft ink-diffusion edges that dissolve into the frame.

This Digital Download includes {{IMG_COUNT}} high-resolution image files at 4K resolution. Use as a desktop wallpaper or virtual Zoom/Teams background. Simply download, set, and go.

For those who believe the spaces we occupy — even digital ones — should be chosen, not defaulted to.

This product was created using AI and manually curated.

📩 Message me for a free installation guide – available in English, German, Spanish, and Portuguese for Windows, Mac, and Linux. @digipicshop";"https://raw.githubusercontent.com/Susderk/mockup-uploads/main/mockups/2026-07-10/Dawns%20Silent%20Lesson/1.png";"https://raw.githubusercontent.com/Susderk/mockup-uploads/main/mockups/2026-07-10/Dawns%20Silent%20Lesson/2.png, https://raw.githubusercontent.com/Susderk/mockup-uploads/main/mockups/2026-07-10/Dawns%20Silent%20Lesson/3.png, https://raw.githubusercontent.com/Susderk/mockup-uploads/main/mockups/2026-07-10/Dawns%20Silent%20Lesson/4.png";"999"
"DPS-WP-20260710-0156-003";"https://raw.githubusercontent.com/Susderk/mockup-uploads/main/mockups/2026-07-10/Neon%20Study%20Vibes/Neon_Study_Vibes.mp4";"Synthwave Desk Wallpaper | Retro 80s Warm Glow 4K";"2,99";"https://digipicshopdesigns.etsy.com/de/listing/4535417025";"in stock";"new";"Out of dozens of generated variations, this scene made it through for one reason: the light feels right. Fiery reds and oranges bleed into a warm blue-hour glow across a sunlit desk — pencils, a fresh notebook, the quiet promise of something starting. The retro 80s synthwave color grading gives it a nostalgic charge without feeling costume-y. The color temperature, the depth, the moment of stillness — it works whether you're deep in a focus session or on a video call where the background quietly says something about your taste. Handpicked for visual harmony, not just aesthetic novelty. Delivered as a crisp 4K file, ready to use.

What's included: {{IMG_COUNT}} high-resolution image files at 4K resolution. Works as a desktop wallpaper and as a Zoom or Teams background.

How to use: Download, unzip, set as wallpaper or upload directly to Zoom › Virtual Background.

For those who believe the spaces we occupy — even digital ones — should be chosen, not defaulted to.

This product was created using AI and manually curated.

📩 Message me for a free installation guide – available in English, German, Spanish, and Portuguese for Windows, Mac, and Linux. @digipicshop";"https://raw.githubusercontent.com/Susderk/mockup-uploads/main/mockups/2026-07-10/Neon%20Study%20Vibes/1.png";"https://raw.githubusercontent.com/Susderk/mockup-uploads/main/mockups/2026-07-10/Neon%20Study%20Vibes/2.png, https://raw.githubusercontent.com/Susderk/mockup-uploads/main/mockups/2026-07-10/Neon%20Study%20Vibes/3.png, https://raw.githubusercontent.com/Susderk/mockup-uploads/main/mockups/2026-07-10/Neon%20Study%20Vibes/4.png";"999"
"DPS-WP-20260710-0156-004";"https://raw.githubusercontent.com/Susderk/mockup-uploads/main/mockups/2026-07-10/Midnight%20Code%20Canvas/Midnight_Code_Canvas.mp4";"Night Desk Wallpaper | Moody Watercolor 4K Developer";"2,99";"https://digipicshopdesigns.etsy.com/de/listing/4535429586";"in stock";"new";"Built for screens that mean business. The color palette pulls from digital infrastructure — the kind of visual language that shows up in server rooms, late-night coding sessions, and setups where the aesthetic is part of the workflow. Glowing monitors wash the desk in cyan and deep purple, rendered in painterly watercolor strokes that keep the atmosphere soft rather than clinical. High contrast, layered depth, and enough visual tension to keep things interesting without becoming noise. A background that matches the energy of the work.

This listing includes {{IMG_COUNT}} high-resolution image files at 4K resolution — sharp and ready at any screen size.

Use as a desktop wallpaper or drop it straight into Zoom, Teams, or Google Meet as a virtual background. To use: download, unzip if needed, set as background in your OS or video-call app.

For setups where the aesthetic isn't decoration — it's signal.

This product was created using AI and manually curated.

📩 Message me for a free installation guide – available in English, German, Spanish, and Portuguese for Windows, Mac, and Linux. @digipicshop";"https://raw.githubusercontent.com/Susderk/mockup-uploads/main/mockups/2026-07-10/Midnight%20Code%20Canvas/1.png";"https://raw.githubusercontent.com/Susderk/mockup-uploads/main/mockups/2026-07-10/Midnight%20Code%20Canvas/2.png, https://raw.githubusercontent.com/Susderk/mockup-uploads/main/mockups/2026-07-10/Midnight%20Code%20Canvas/3.png, https://raw.githubusercontent.com/Susderk/mockup-uploads/main/mockups/2026-07-10/Midnight%20Code%20Canvas/4.png";"999"
"DPS-WP-20260710-0156-005";"https://raw.githubusercontent.com/Susderk/mockup-uploads/main/mockups/2026-07-10/Dawn%20Quadrangle/Dawn_Quadrangle.mp4";"Campus Dawn Wallpaper | Soft Watercolor 4K Moody";"2,99";"https://digipicshopdesigns.etsy.com/de/listing/4535429846";"in stock";"new";"Out of dozens of generated variations, this scene made it through for one reason: the light feels right. The color temperature, the depth, the moment of stillness — it works whether you're deep in a focus session or on a video call where the background quietly says something about your taste. A campus quad at dawn, elongated shadows stretching across the pathway, wrapped in muted lavender and peach — painterly, contemplative, and unexpectedly calming behind any window or screen. Handpicked for visual harmony, not just aesthetic novelty. Delivered as a crisp 4K file, ready to use.

Includes {{IMG_COUNT}} high-resolution image files at 4K resolution. Works beautifully as a desktop wallpaper or as a Zoom, Teams, or Google Meet virtual background. To use: download, unzip if needed, and set as background in your OS or video-call app settings.

For those who believe the spaces we occupy — even digital ones — should be chosen, not defaulted to.

This product was created using AI and manually curated.

📩 Message me for a free installation guide – available in English, German, Spanish, and Portuguese for Windows, Mac, and Linux. @digipicshop";"https://raw.githubusercontent.com/Susderk/mockup-uploads/main/mockups/2026-07-10/Dawn%20Quadrangle/1.png";"https://raw.githubusercontent.com/Susderk/mockup-uploads/main/mockups/2026-07-10/Dawn%20Quadrangle/2.png, https://raw.githubusercontent.com/Susderk/mockup-uploads/main/mockups/2026-07-10/Dawn%20Quadrangle/3.png, https://raw.githubusercontent.com/Susderk/mockup-uploads/main/mockups/2026-07-10/Dawn%20Quadrangle/4.png";"999"
"DPS-WP-20260711-0158-003";"https://raw.githubusercontent.com/Susderk/mockup-uploads/main/mockups/2026-07-11/School%20Day%20Revival/School_Day_Revival.mp4";"School Locker Wallpaper | Street Art Urban 4K Desktop";"2,99";"https://digipicshopdesigns.etsy.com/de/listing/4535965091";"in stock";"new";"Out of dozens of generated variations, this scene made it through for one reason: the light feels right. A school locker hallway caught in soft morning luminescence — open doors, muted industrial tones, and a street-art energy that makes the everyday feel charged. The color temperature, the depth, the moment of stillness — it works whether you're deep in a focus session or on a video call where the background quietly says something about your taste. Handpicked for visual harmony, not just aesthetic novelty. Delivered as a crisp 4K file, ready to use.

What's included: {{IMG_COUNT}} high-resolution image files, all in 4K resolution — optimized for desktop wallpaper and Zoom or Teams video call backgrounds.

How to use: Download, unzip, and set as your desktop background or upload directly as a Zoom or Teams virtual background.

For those who believe the spaces we occupy — even digital ones — should be chosen, not defaulted to.

This product was created using AI and manually curated.

📩 Message me for a free installation guide – available in English, German, Spanish, and Portuguese for Windows, Mac, and Linux. @digipicshop";"https://raw.githubusercontent.com/Susderk/mockup-uploads/main/mockups/2026-07-11/School%20Day%20Revival/1.png";"https://raw.githubusercontent.com/Susderk/mockup-uploads/main/mockups/2026-07-11/School%20Day%20Revival/2.png, https://raw.githubusercontent.com/Susderk/mockup-uploads/main/mockups/2026-07-11/School%20Day%20Revival/3.png, https://raw.githubusercontent.com/Susderk/mockup-uploads/main/mockups/2026-07-11/School%20Day%20Revival/4.png";"999"
"DPS-WP-20260711-0158-004";"https://raw.githubusercontent.com/Susderk/mockup-uploads/main/mockups/2026-07-11/Neon%20Feline%20Focus/Neon_Feline_Focus.mp4";"Neon Cat Wallpaper | Moody Cinematic 4K Desktop";"2,99";"https://digipicshopdesigns.etsy.com/de/listing/4535978284";"in stock";"new";"Built for screens that mean business. The color palette pulls from moody desaturated tones cut through with electric neon halos — the kind of visual language that shows up in late-night creative sessions and setups where the aesthetic is part of the workflow. A curious cat holds the frame with documentary stillness, fog layering depth behind it, the open horizon breathing space into the composition. High contrast, layered atmosphere, and enough visual tension to keep things interesting without becoming noise. A background that matches the energy of the work.

Includes {{IMG_COUNT}} high-resolution image files at 4K resolution — sharp on every screen, from ultrawide monitors to standard displays.

Use as a desktop wallpaper or drop it directly into Zoom, Teams, or Google Meet as a virtual background. No installation needed — download, set, done.

For setups where the aesthetic isn't decoration — it's signal.

This product was created using AI and manually curated.

📩 Message me for a free installation guide – available in English, German, Spanish, and Portuguese for Windows, Mac, and Linux. @digipicshop";"https://raw.githubusercontent.com/Susderk/mockup-uploads/main/mockups/2026-07-11/Neon%20Feline%20Focus/1.png";"https://raw.githubusercontent.com/Susderk/mockup-uploads/main/mockups/2026-07-11/Neon%20Feline%20Focus/2.png, https://raw.githubusercontent.com/Susderk/mockup-uploads/main/mockups/2026-07-11/Neon%20Feline%20Focus/3.png, https://raw.githubusercontent.com/Susderk/mockup-uploads/main/mockups/2026-07-11/Neon%20Feline%20Focus/4.png";"999"
"DPS-WP-20260711-0158-005";"https://raw.githubusercontent.com/Susderk/mockup-uploads/main/mockups/2026-07-11/Artists%20Sanctuary/Artists_Sanctuary.mp4";"Geometric Art Room Wallpaper | Moody Low-Poly 4K";"2,99";"https://digipicshopdesigns.etsy.com/de/listing/4535965561";"in stock";"new";"Out of dozens of generated variations, this scene made it through for one reason: the light feels right. The color temperature, the depth, the moment of stillness — it works whether you're deep in a focus session or on a video call where the background quietly says something about your taste. A low-poly geometric art room bathed in deep purple and cyan, skylights casting luminous diagonal rays across blank canvases and paint-fresh surfaces. Centered symmetry, blue-hour atmosphere, minimalist polygonal structure — handpicked for visual harmony, not just aesthetic novelty. Delivered as a crisp 4K file, ready to use.

What's included: {{IMG_COUNT}} high-resolution image files at 4K resolution.
Use as a desktop wallpaper, virtual Zoom or Teams meeting background, or lock screen.
How to use: Download, unzip, and set directly as your desktop or virtual background — no editing needed.

For those who believe the spaces we occupy — even digital ones — should be chosen, not defaulted to.

This product was created using AI and manually curated.

📩 Message me for a free installation guide – available in English, German, Spanish, and Portuguese for Windows, Mac, and Linux. @digipicshop";"https://raw.githubusercontent.com/Susderk/mockup-uploads/main/mockups/2026-07-11/Artists%20Sanctuary/1.png";"https://raw.githubusercontent.com/Susderk/mockup-uploads/main/mockups/2026-07-11/Artists%20Sanctuary/2.png, https://raw.githubusercontent.com/Susderk/mockup-uploads/main/mockups/2026-07-11/Artists%20Sanctuary/3.png, https://raw.githubusercontent.com/Susderk/mockup-uploads/main/mockups/2026-07-11/Artists%20Sanctuary/4.png";"999"
"DPS-WP-20260712-0152-001";"https://raw.githubusercontent.com/Susderk/mockup-uploads/main/mockups/2026-07-12/Snowy%20Field%20Dawn/Snowy_Field_Dawn.mp4";"Snowy Sports Field Wallpaper | Dreamy Watercolor 4K";"2,99";"https://digipicshopdesigns.etsy.com/de/listing/4536507614";"in stock";"new";"Out of dozens of generated variations, this scene made it through for one reason: the light feels right. A snow-covered school sports field at dawn, rendered in soft watercolor brushstrokes — fiery reds and deep oranges bleeding into white silence. The tunnel perspective draws the eye toward a glowing vanishing point, creating a stillness that's rare to find in a background image. The color temperature, the depth, the moment of quiet — it works whether you're deep in a focus session or on a video call where the background quietly says something about your taste. Handpicked for visual harmony, not just aesthetic novelty. Delivered as a crisp 4K file, ready to use.

Includes {{IMG_COUNT}} high-resolution image files at 4K resolution. Use as a desktop wallpaper or virtual Zoom/Teams background. Simply download, set as background, and you're done.

For those who believe the spaces we occupy — even digital ones — should be chosen, not defaulted to.

This product was created using AI and manually curated.

📩 Message me for a free installation guide – available in English, German, Spanish, and Portuguese for Windows, Mac, and Linux. @digipicshop";"https://raw.githubusercontent.com/Susderk/mockup-uploads/main/mockups/2026-07-12/Snowy%20Field%20Dawn/1.png";"https://raw.githubusercontent.com/Susderk/mockup-uploads/main/mockups/2026-07-12/Snowy%20Field%20Dawn/2.png, https://raw.githubusercontent.com/Susderk/mockup-uploads/main/mockups/2026-07-12/Snowy%20Field%20Dawn/3.png, https://raw.githubusercontent.com/Susderk/mockup-uploads/main/mockups/2026-07-12/Snowy%20Field%20Dawn/4.png";"999"
"DPS-WP-20260712-0152-002";"https://raw.githubusercontent.com/Susderk/mockup-uploads/main/mockups/2026-07-12/Neon%20Class%20Vibes/Neon_Class_Vibes.mp4";"Science Classroom Wallpaper | Neon Cyberpunk 4K";"2,99";"https://digipicshopdesigns.etsy.com/de/listing/4536507788";"in stock";"new";"Built for screens that mean business. The color palette pulls from digital infrastructure — deep purple walls, cyan neon accents, and glowing glass specimen jars that sit at the edge between science lab and street-art installation. The kind of visual language that shows up in late-night sessions and setups where the aesthetic is part of the workflow. High contrast, layered depth, and enough visual tension to keep things interesting without becoming noise. A background that matches the energy of the work.

This Digital Download includes {{IMG_COUNT}} high-resolution image files, all rendered in 4K resolution. Use them as a desktop wallpaper, or drop one into Zoom or Microsoft Teams as a virtual meeting backdrop. To use: download, unzip, and set as your background in your OS display settings or video-call app.

For setups where the aesthetic isn't decoration — it's signal.

This product was created using AI and manually curated.

📩 Message me for a free installation guide – available in English, German, Spanish, and Portuguese for Windows, Mac, and Linux. @digipicshop";"https://raw.githubusercontent.com/Susderk/mockup-uploads/main/mockups/2026-07-12/Neon%20Class%20Vibes/1.png";"https://raw.githubusercontent.com/Susderk/mockup-uploads/main/mockups/2026-07-12/Neon%20Class%20Vibes/2.png, https://raw.githubusercontent.com/Susderk/mockup-uploads/main/mockups/2026-07-12/Neon%20Class%20Vibes/3.png, https://raw.githubusercontent.com/Susderk/mockup-uploads/main/mockups/2026-07-12/Neon%20Class%20Vibes/4.png";"999"
"DPS-WP-20260712-0152-003";"https://raw.githubusercontent.com/Susderk/mockup-uploads/main/mockups/2026-07-12/Morning%20Study/Morning_Study.mp4";"Study Desk Wallpaper | Warm Cozy 4K Dark Academia";"2,99";"https://digipicshopdesigns.etsy.com/de/listing/4536507910";"in stock";"new";"Out of dozens of generated variations, this scene made it through for one reason: the light feels right. Warm reds and burnt oranges wash over an open textbook, scattered markers, and a steaming morning coffee — all softened by natural light and a gentle atmospheric haze that pulls the eye inward. The tunnel depth gives it presence without clutter. It works whether you're deep in a focus session or on a video call where the background quietly says something about your taste. Handpicked for visual harmony, not just aesthetic novelty. Delivered as a crisp 4K file, ready to use.

Includes {{IMG_COUNT}} high-resolution image files at 4K resolution. Works as a desktop wallpaper on any screen size and as a Zoom or Microsoft Teams virtual background. To use: download, set as wallpaper via your system settings or upload directly to your video call app.

For those who believe the spaces we occupy — even digital ones — should be chosen, not defaulted to.

This product was created using AI and manually curated.

📩 Message me for a free installation guide – available in English, German, Spanish, and Portuguese for Windows, Mac, and Linux. @digipicshop";"https://raw.githubusercontent.com/Susderk/mockup-uploads/main/mockups/2026-07-12/Morning%20Study/1.png";"https://raw.githubusercontent.com/Susderk/mockup-uploads/main/mockups/2026-07-12/Morning%20Study/2.png, https://raw.githubusercontent.com/Susderk/mockup-uploads/main/mockups/2026-07-12/Morning%20Study/3.png, https://raw.githubusercontent.com/Susderk/mockup-uploads/main/mockups/2026-07-12/Morning%20Study/4.png";"999"
"DPS-WP-20260712-0152-004";"https://raw.githubusercontent.com/Susderk/mockup-uploads/main/mockups/2026-07-12/Blank%20Canvas%20Dreams/Blank_Canvas_Dreams.mp4";"Notebook Wallpaper | Dreamy Pastel Ethereal 4K";"2,99";"https://digipicshopdesigns.etsy.com/de/listing/4536508048";"in stock";"new";"Out of dozens of generated variations, this scene made it through for one reason: the light feels right. The color temperature, the depth, the moment of stillness — it works whether you're deep in a focus session or on a video call where the background quietly says something about your taste. An open notebook, a pen at rest, soft teal and coral gradients dissolving into a moonlit glow — handpicked for visual harmony, not just aesthetic novelty. Delivered as a crisp 4K file, ready to use.

Included in this Digital Download:
— {{IMG_COUNT}} high-resolution image files
— 4K resolution, optimized for desktop wallpaper and virtual meeting use

Use as a desktop wallpaper, Zoom background, or Microsoft Teams backdrop. Download, unzip, set as background — no editing required.

For those who believe the spaces we occupy — even digital ones — should be chosen, not defaulted to.

This product was created using AI and manually curated.

📩 Message me for a free installation guide – available in English, German, Spanish, and Portuguese for Windows, Mac, and Linux. @digipicshop";"https://raw.githubusercontent.com/Susderk/mockup-uploads/main/mockups/2026-07-12/Blank%20Canvas%20Dreams/1.png";"https://raw.githubusercontent.com/Susderk/mockup-uploads/main/mockups/2026-07-12/Blank%20Canvas%20Dreams/2.png, https://raw.githubusercontent.com/Susderk/mockup-uploads/main/mockups/2026-07-12/Blank%20Canvas%20Dreams/3.png, https://raw.githubusercontent.com/Susderk/mockup-uploads/main/mockups/2026-07-12/Blank%20Canvas%20Dreams/4.png";"999"
"DPS-WP-20260712-0152-005";"https://raw.githubusercontent.com/Susderk/mockup-uploads/main/mockups/2026-07-12/Market%20Serenity/Market_Serenity.mp4";"Pastel Market Wallpaper | Dreamy Summer 4K Desktop";"2,99";"https://digipicshopdesigns.etsy.com/de/listing/4536491783";"in stock";"new";"Out of dozens of generated variations, this scene made it through for one reason: the light feels right. Warm sunset pastels dissolve into cool, almost wintry tones — a late-summer market stall filled with notebooks and color, framed by a soft tunnel effect that pulls the eye gently toward a vanishing point. The color temperature, the depth, the moment of stillness — it works whether you're deep in a focus session or on a video call where the background quietly says something about your taste. Handpicked for visual harmony, not just aesthetic novelty. Delivered as a crisp 4K file, ready to use.

Includes {{IMG_COUNT}} high-resolution image files at 4K resolution. Use as a desktop wallpaper on Mac or PC, or set it as your Zoom or Teams background in one click — no cropping needed.

For those who believe the spaces we occupy — even digital ones — should be chosen, not defaulted to.

This product was created using AI and manually curated.

📩 Message me for a free installation guide – available in English, German, Spanish, and Portuguese for Windows, Mac, and Linux. @digipicshop";"https://raw.githubusercontent.com/Susderk/mockup-uploads/main/mockups/2026-07-12/Market%20Serenity/1.png";"https://raw.githubusercontent.com/Susderk/mockup-uploads/main/mockups/2026-07-12/Market%20Serenity/2.png, https://raw.githubusercontent.com/Susderk/mockup-uploads/main/mockups/2026-07-12/Market%20Serenity/3.png, https://raw.githubusercontent.com/Susderk/mockup-uploads/main/mockups/2026-07-12/Market%20Serenity/4.png";"999"
"DPS-WP-20260713-0703-001";"https://raw.githubusercontent.com/Susderk/mockup-uploads/main/mockups/2026-07-13/Empty%20Hallway%20Moment/Empty_Hallway_Moment.mp4";"School Hallway Wallpaper | Moody Black White 4K";"2,99";"https://digipicshopdesigns.etsy.com/de/listing/4536884938";"in stock";"new";"Out of dozens of generated variations, this scene made it through for one reason: the light feels right. A deserted school hallway shot from above — metal lockers receding into shadow, architectural lines pulling the eye toward an open horizon, black and white contrast doing the heavy lifting. The color temperature, the depth, the moment of stillness — it works whether you're deep in a focus session or on a video call where the background quietly says something about your taste. Handpicked for visual harmony, not just aesthetic novelty. Delivered as a crisp 4K file, ready to use.

This download includes {{IMG_COUNT}} high-resolution image files at 4K resolution. Use as a desktop wallpaper, virtual Zoom or Teams background, or digital display art. To apply: save the file, set as desktop background or upload directly to your video-call platform.

For those who believe the spaces we occupy — even digital ones — should be chosen, not defaulted to.

This product was created using AI and manually curated.

📩 Message me for a free installation guide – available in English, German, Spanish, and Portuguese for Windows, Mac, and Linux. @digipicshop";"https://raw.githubusercontent.com/Susderk/mockup-uploads/main/mockups/2026-07-13/Empty%20Hallway%20Moment/1.png";"https://raw.githubusercontent.com/Susderk/mockup-uploads/main/mockups/2026-07-13/Empty%20Hallway%20Moment/2.png, https://raw.githubusercontent.com/Susderk/mockup-uploads/main/mockups/2026-07-13/Empty%20Hallway%20Moment/3.png, https://raw.githubusercontent.com/Susderk/mockup-uploads/main/mockups/2026-07-13/Empty%20Hallway%20Moment/4.png";"999"
"DPS-WP-20260713-0703-002";"https://raw.githubusercontent.com/Susderk/mockup-uploads/main/mockups/2026-07-13/Retro%20Study/Retro_Study.mp4";"Synthwave Classroom Wallpaper | Retro 80s Arctic 4K";"2,99";"https://digipicshopdesigns.etsy.com/de/listing/4536869513";"in stock";"new";"Out of dozens of generated variations, this scene made it through for one reason: the light feels right. The color temperature, the depth, the moment of stillness — it works whether you're deep in a focus session or on a video call where the background quietly says something about your taste. A retro 80s synthwave kindergarten classroom bathed in cool arctic blue — colorful abstract educational posters, small bright chairs, a serene cinematic calm that sits somewhere between nostalgia and focus. Handpicked for visual harmony, not just aesthetic novelty. Delivered as a crisp 4K file, ready to use.

Includes {{IMG_COUNT}} high-resolution image files at 4K resolution, optimized for desktop wallpaper and virtual meeting backgrounds (Zoom, Microsoft Teams).

How to use: download, set as your desktop wallpaper or upload directly to Zoom or Teams as a virtual background.

For those who believe the spaces we occupy — even digital ones — should be chosen, not defaulted to.

This product was created using AI and manually curated.

📩 Message me for a free installation guide – available in English, German, Spanish, and Portuguese for Windows, Mac, and Linux. @digipicshop";"https://raw.githubusercontent.com/Susderk/mockup-uploads/main/mockups/2026-07-13/Retro%20Study/1.png";"https://raw.githubusercontent.com/Susderk/mockup-uploads/main/mockups/2026-07-13/Retro%20Study/2.png, https://raw.githubusercontent.com/Susderk/mockup-uploads/main/mockups/2026-07-13/Retro%20Study/3.png, https://raw.githubusercontent.com/Susderk/mockup-uploads/main/mockups/2026-07-13/Retro%20Study/4.png";"999"
"DPS-WP-20260713-0703-003";"https://raw.githubusercontent.com/Susderk/mockup-uploads/main/mockups/2026-07-13/Lagoon%20Paradise/Lagoon_Paradise.mp4";"Tropical Atoll Wallpaper | Minimalist 4K Island Desktop";"2,99";"https://digipicshopdesigns.etsy.com/de/listing/4536885456";"in stock";"new";"Some workspaces need a horizon. This scene brings in natural light, open ocean distance, and the kind of quiet that makes focused work feel less confined. A solitary palm on white sand, a lagoon shifting between deep purple and clear cyan — grounding without being decorative. The kind of background that doesn't compete with what's on screen, but gives the room a different quality of air. Works for video calls, deep work sessions, and spaces that need to feel a little less like offices.

Included: {{IMG_COUNT}} high-resolution image files at 4K resolution — sharp, color-accurate, and ready to use immediately.

Use as a desktop wallpaper or virtual Zoom/Teams background. Simply download, set as background, done.

Made for anyone who wants their workspace to feel less like infrastructure and more like a place worth being.

This product was created using AI and manually curated.

📩 Message me for a free installation guide – available in English, German, Spanish, and Portuguese for Windows, Mac, and Linux. @digipicshop";"https://raw.githubusercontent.com/Susderk/mockup-uploads/main/mockups/2026-07-13/Lagoon%20Paradise/1.png";"https://raw.githubusercontent.com/Susderk/mockup-uploads/main/mockups/2026-07-13/Lagoon%20Paradise/2.png, https://raw.githubusercontent.com/Susderk/mockup-uploads/main/mockups/2026-07-13/Lagoon%20Paradise/3.png, https://raw.githubusercontent.com/Susderk/mockup-uploads/main/mockups/2026-07-13/Lagoon%20Paradise/4.png";"999"
"DPS-WP-20260713-0703-004";"https://raw.githubusercontent.com/Susderk/mockup-uploads/main/mockups/2026-07-13/Lecture%20Hall%20Dawn/Lecture_Hall_Dawn.mp4";"Dark Academia Lecture Hall Wallpaper | Vintage Sepia 4K";"2,99";"https://digipicshopdesigns.etsy.com/de/listing/4536870043";"in stock";"new";"Out of dozens of generated variations, this scene made it through for one reason: the light feels right. The warm sepia haze, the depth of a sun-drenched lecture hall, the stillness of a space built for thought — it works whether you're deep in a focus session or on a video call where the background quietly says something about your taste. Handpicked for visual harmony, not just aesthetic novelty. Delivered as a crisp 4K file, ready to use.

This Digital Download includes {{IMG_COUNT}} high-resolution image files, all rendered in 4K resolution. Use them as a desktop wallpaper on any device, or set one as your Zoom or Microsoft Teams virtual background during meetings and study sessions. Simply download, unzip, and apply — no editing required.

For those who believe the spaces we occupy — even digital ones — should be chosen, not defaulted to.

This product was created using AI and manually curated.

📩 Message me for a free installation guide – available in English, German, Spanish, and Portuguese for Windows, Mac, and Linux. @digipicshop";"https://raw.githubusercontent.com/Susderk/mockup-uploads/main/mockups/2026-07-13/Lecture%20Hall%20Dawn/1.png";"https://raw.githubusercontent.com/Susderk/mockup-uploads/main/mockups/2026-07-13/Lecture%20Hall%20Dawn/2.png, https://raw.githubusercontent.com/Susderk/mockup-uploads/main/mockups/2026-07-13/Lecture%20Hall%20Dawn/3.png, https://raw.githubusercontent.com/Susderk/mockup-uploads/main/mockups/2026-07-13/Lecture%20Hall%20Dawn/4.png";"999"
"DPS-WP-20260713-0703-005";"https://raw.githubusercontent.com/Susderk/mockup-uploads/main/mockups/2026-07-13/Neon%20Classroom/Neon_Classroom.mp4";"Synthwave Classroom Wallpaper | Retro Neon 4K Desktop";"2,99";"https://digipicshopdesigns.etsy.com/de/listing/4536870269";"in stock";"new";"Built for screens that mean business. The color palette pulls from digital infrastructure — the kind of visual language that shows up in late-night coding sessions and setups where the aesthetic is part of the workflow. Here it lands in an unexpected place: an empty 80s classroom, wooden desks catching neon rainbow light, a chalkboard dissolving into luminous tropical haze. High contrast, layered depth, and enough visual tension to keep things interesting without becoming noise. A background that matches the energy of the work.

Includes {{IMG_COUNT}} high-resolution image files at 4K resolution — ready for desktop wallpaper, virtual meeting backdrops, and Zoom or Teams backgrounds.

How to use: download, set as your desktop background or upload directly to Zoom/Teams as a virtual background.

For setups where the aesthetic isn't decoration — it's signal.

This product was created using AI and manually curated.

📩 Message me for a free installation guide – available in English, German, Spanish, and Portuguese for Windows, Mac, and Linux. @digipicshop";"https://raw.githubusercontent.com/Susderk/mockup-uploads/main/mockups/2026-07-13/Neon%20Classroom/1.png";"https://raw.githubusercontent.com/Susderk/mockup-uploads/main/mockups/2026-07-13/Neon%20Classroom/2.png, https://raw.githubusercontent.com/Susderk/mockup-uploads/main/mockups/2026-07-13/Neon%20Classroom/3.png, https://raw.githubusercontent.com/Susderk/mockup-uploads/main/mockups/2026-07-13/Neon%20Classroom/4.png";"999"
"DPS-WP-20260714-0156-001";"https://raw.githubusercontent.com/Susderk/mockup-uploads/main/mockups/2026-07-14/Neon%20Dreams%20Highway/Neon_Dreams_Highway.mp4";"Synthwave Highway Wallpaper | Dark Retro 4K Desktop";"2,99";"https://digipicshopdesigns.etsy.com/de/listing/4537420177";"in stock";"new";"Out of dozens of generated variations, this scene made it through for one reason: the light feels right. A lonesome highway dissolving into darkness, rendered in high-contrast black and white with neon-tinged edges and soft watercolor transitions — the retro synthwave mood comes through without a single color being literal. The depth, the stillness, the cinematic pull — it works whether you're deep in a focus session or on a video call where the background quietly says something about your taste. Handpicked for visual harmony, not just aesthetic novelty. Delivered as a crisp 4K file, ready to use.

Includes {{IMG_COUNT}} high-resolution image files at 4K resolution. Optimized for desktop wallpaper and Zoom or Teams video call backgrounds. Download, set, done — no installation needed.

For those who believe the spaces we occupy — even digital ones — should be chosen, not defaulted to.

This product was created using AI and manually curated.

📩 Message me for a free installation guide – available in English, German, Spanish, and Portuguese for Windows, Mac, and Linux. @digipicshop";"https://raw.githubusercontent.com/Susderk/mockup-uploads/main/mockups/2026-07-14/Neon%20Dreams%20Highway/1.png";"https://raw.githubusercontent.com/Susderk/mockup-uploads/main/mockups/2026-07-14/Neon%20Dreams%20Highway/2.png, https://raw.githubusercontent.com/Susderk/mockup-uploads/main/mockups/2026-07-14/Neon%20Dreams%20Highway/3.png, https://raw.githubusercontent.com/Susderk/mockup-uploads/main/mockups/2026-07-14/Neon%20Dreams%20Highway/4.png";"999"
"DPS-WP-20260714-0156-002";"https://raw.githubusercontent.com/Susderk/mockup-uploads/main/mockups/2026-07-14/Sage%20Serenity/Sage_Serenity.mp4";"Organic Minimalist Interior Wallpaper | Sage Green 4K";"2,99";"https://digipicshopdesigns.etsy.com/de/listing/4537420497";"in stock";"new";"Out of dozens of generated variations, this scene made it through for one reason: the light feels right. The color temperature, the depth, the moment of stillness — it works whether you're deep in a focus session or on a video call where the background quietly says something about your taste. Curved sage-green walls, warm ambient light, natural stone textures, and an organic architectural calm that holds attention without demanding it. Handpicked for visual harmony, not just aesthetic novelty. Delivered as a crisp 4K file, ready to use.

Included: {{IMG_COUNT}} high-resolution image files at 4K resolution. Perfect as a desktop wallpaper or virtual meeting backdrop for Zoom and Microsoft Teams. Download, set, done — no installation required.

For those who believe the spaces we occupy — even digital ones — should be chosen, not defaulted to.

This product was created using AI and manually curated.

📩 Message me for a free installation guide – available in English, German, Spanish, and Portuguese for Windows, Mac, and Linux. @digipicshop";"https://raw.githubusercontent.com/Susderk/mockup-uploads/main/mockups/2026-07-14/Sage%20Serenity/1.png";"https://raw.githubusercontent.com/Susderk/mockup-uploads/main/mockups/2026-07-14/Sage%20Serenity/2.png, https://raw.githubusercontent.com/Susderk/mockup-uploads/main/mockups/2026-07-14/Sage%20Serenity/3.png, https://raw.githubusercontent.com/Susderk/mockup-uploads/main/mockups/2026-07-14/Sage%20Serenity/4.png";"999"
"DPS-WP-20260714-0156-003";"https://raw.githubusercontent.com/Susderk/mockup-uploads/main/mockups/2026-07-14/Cliffside%20Twilight/Cliffside_Twilight.mp4";"Coastal Cliffs Wallpaper | Moody Twilight 4K Nature";"2,99";"https://digipicshopdesigns.etsy.com/de/listing/4537420789";"in stock";"new";"Some workspaces need a horizon. This scene brings in natural light, open distance, and the kind of quiet that makes focused work feel less confined. Majestic coastal cliffs rise above a turbulent sea at twilight — muted lavender and peach tones wash across the frame as the last light fades. It's grounding without being decorative — the kind of background that doesn't compete with what's on screen, but gives the room a different quality of air. Works for video calls, deep work sessions, and spaces that need to feel a little less like offices.

Included: {{IMG_COUNT}} high-resolution image files at 4K resolution — ready for use as a desktop wallpaper or virtual Zoom/Teams background. Download, set, and you're done.

Made for anyone who wants their workspace to feel less like infrastructure and more like a place worth being.

This product was created using AI and manually curated.

📩 Message me for a free installation guide – available in English, German, Spanish, and Portuguese for Windows, Mac, and Linux. @digipicshop";"https://raw.githubusercontent.com/Susderk/mockup-uploads/main/mockups/2026-07-14/Cliffside%20Twilight/1.png";"https://raw.githubusercontent.com/Susderk/mockup-uploads/main/mockups/2026-07-14/Cliffside%20Twilight/2.png, https://raw.githubusercontent.com/Susderk/mockup-uploads/main/mockups/2026-07-14/Cliffside%20Twilight/3.png, https://raw.githubusercontent.com/Susderk/mockup-uploads/main/mockups/2026-07-14/Cliffside%20Twilight/4.png";"999"
"DPS-WP-20260714-0156-004";"https://raw.githubusercontent.com/Susderk/mockup-uploads/main/mockups/2026-07-14/Midnight%20Tide/Midnight_Tide.mp4";"Ocean Wave Wallpaper | Moody Stormy Seascape 4K";"2,99";"https://digipicshopdesigns.etsy.com/de/listing/4537421083";"in stock";"new";"Some workspaces need a horizon. This scene brings in the raw energy of a midnight ocean — long-exposure wave foam dissolving into dark, turbulent water beneath a stormy sky. The earthy ochre and sage palette keeps it grounded rather than cold, cinematic rather than decorative. The kind of background that doesn't compete with what's on screen, but gives the room a different quality of air. Works for video calls, deep work sessions, and spaces that need to feel a little less like offices.

Includes {{IMG_COUNT}} high-resolution image files at 4K resolution — sharp on ultrawide monitors, external displays, and video-call setups alike.

How to use: download the file, set as desktop wallpaper or upload directly as your Zoom or Microsoft Teams virtual background.

Made for anyone who wants their workspace to feel less like infrastructure and more like a place worth being.

This product was created using AI and manually curated.

📩 Message me for a free installation guide – available in English, German, Spanish, and Portuguese for Windows, Mac, and Linux. @digipicshop";"https://raw.githubusercontent.com/Susderk/mockup-uploads/main/mockups/2026-07-14/Midnight%20Tide/1.png";"https://raw.githubusercontent.com/Susderk/mockup-uploads/main/mockups/2026-07-14/Midnight%20Tide/2.png, https://raw.githubusercontent.com/Susderk/mockup-uploads/main/mockups/2026-07-14/Midnight%20Tide/3.png, https://raw.githubusercontent.com/Susderk/mockup-uploads/main/mockups/2026-07-14/Midnight%20Tide/4.png";"999"
"DPS-WP-20260715-0153-001";"https://raw.githubusercontent.com/Susderk/mockup-uploads/main/mockups/2026-07-15/Monsoon%20Mirrors/Monsoon_Mirrors.mp4";"Rice Terrace Wallpaper | Street Art Blue 4K Desktop";"2,99";"https://digipicshopdesigns.etsy.com/de/listing/4538026003";"in stock";"new";"Out of dozens of generated variations, this scene made it through for one reason: the light feels right. The color temperature, the depth, the moment of stillness — it works whether you're deep in a focus session or on a video call where the background quietly says something about your taste. Terraced rice fields rendered in street-art style, flooded with monsoon rain and caught in deep monochrome blue — the mirrored reflections and diagonal gradient dissolve the edges into something meditative. Handpicked for visual harmony, not just aesthetic novelty. Delivered as a crisp 4K file, ready to use.

What's included: {{IMG_COUNT}} high-resolution image files, all at 4K resolution.
Use as a desktop wallpaper or virtual Zoom / Teams background.
How to use: download, unzip, set as background — works on Windows, Mac, and all major video-call platforms.

For those who believe the spaces we occupy — even digital ones — should be chosen, not defaulted to.

This product was created using AI and manually curated.

📩 Message me for a free installation guide – available in English, German, Spanish, and Portuguese for Windows, Mac, and Linux. @digipicshop";"https://raw.githubusercontent.com/Susderk/mockup-uploads/main/mockups/2026-07-15/Monsoon%20Mirrors/1.png";"https://raw.githubusercontent.com/Susderk/mockup-uploads/main/mockups/2026-07-15/Monsoon%20Mirrors/2.png, https://raw.githubusercontent.com/Susderk/mockup-uploads/main/mockups/2026-07-15/Monsoon%20Mirrors/3.png, https://raw.githubusercontent.com/Susderk/mockup-uploads/main/mockups/2026-07-15/Monsoon%20Mirrors/4.png";"999"
"DPS-WP-20260715-0153-002";"https://raw.githubusercontent.com/Susderk/mockup-uploads/main/mockups/2026-07-15/Neon%20Jungle%20Dreams/Neon_Jungle_Dreams.mp4";"Neon Jungle Wallpaper | Ethereal Tropical 4K Desktop";"2,99";"https://digipicshopdesigns.etsy.com/de/listing/4538026287";"in stock";"new";"Out of dozens of generated variations, this scene made it through for one reason: the light feels right. The color temperature, the depth, the moment of stillness — it works whether you're deep in a focus session or on a video call where the background quietly says something about your taste. Luminescent vines curl through a midnight canopy, pastel arctic blues bleeding into stormy skies, the whole frame wrapped in a soft ethereal haze. Handpicked for visual harmony, not just aesthetic novelty. Delivered as a crisp 4K file, ready to use.

Included: {{IMG_COUNT}} high-resolution image files at 4K resolution.
Use as a desktop wallpaper, Zoom background, or Microsoft Teams backdrop.
How to use: download, unzip, set as wallpaper or upload directly to your video-call app.

For those who believe the spaces we occupy — even digital ones — should be chosen, not defaulted to.

This product was created using AI and manually curated.

📩 Message me for a free installation guide – available in English, German, Spanish, and Portuguese for Windows, Mac, and Linux. @digipicshop";"https://raw.githubusercontent.com/Susderk/mockup-uploads/main/mockups/2026-07-15/Neon%20Jungle%20Dreams/1.png";"https://raw.githubusercontent.com/Susderk/mockup-uploads/main/mockups/2026-07-15/Neon%20Jungle%20Dreams/2.png, https://raw.githubusercontent.com/Susderk/mockup-uploads/main/mockups/2026-07-15/Neon%20Jungle%20Dreams/3.png, https://raw.githubusercontent.com/Susderk/mockup-uploads/main/mockups/2026-07-15/Neon%20Jungle%20Dreams/4.png";"999"
"DPS-WP-20260715-0153-003";"https://raw.githubusercontent.com/Susderk/mockup-uploads/main/mockups/2026-07-15/Dawn%20Solitude/Dawn_Solitude.mp4";"Mediterranean Beach Wallpaper | Pastel Aerial 4K";"2,99";"https://digipicshopdesigns.etsy.com/de/listing/4538026533";"in stock";"new";"Out of dozens of generated variations, this scene made it through for one reason: the light feels right. The color temperature, the depth, the moment of stillness — it works whether you're deep in a focus session or on a video call where the background quietly says something about your taste. Handpicked for visual harmony, not just aesthetic novelty. Delivered as a crisp 4K file, ready to use.

An aerial view of scattered beach umbrellas along a calm Mediterranean shoreline, rendered in a painterly impressionistic style. Pastel gradients shift through ochre, sage, and soft morning hues — moody stormy skies above, luminous shoreline below. Motifs dissolve gently into surrounding space, giving every frame an ethereal, atmospheric quality.

Includes {{IMG_COUNT}} high-resolution image files, all in 4K resolution. Use as a desktop wallpaper on any device, or set as your Zoom or Teams background for video calls. Simply download, unzip, and apply.

For those who believe the spaces we occupy — even digital ones — should be chosen, not defaulted to.

This product was created using AI and manually curated.

📩 Message me for a free installation guide – available in English, German, Spanish, and Portuguese for Windows, Mac, and Linux. @digipicshop";"https://raw.githubusercontent.com/Susderk/mockup-uploads/main/mockups/2026-07-15/Dawn%20Solitude/1.png";"https://raw.githubusercontent.com/Susderk/mockup-uploads/main/mockups/2026-07-15/Dawn%20Solitude/2.png, https://raw.githubusercontent.com/Susderk/mockup-uploads/main/mockups/2026-07-15/Dawn%20Solitude/3.png, https://raw.githubusercontent.com/Susderk/mockup-uploads/main/mockups/2026-07-15/Dawn%20Solitude/4.png";"999"
"DPS-WP-20260715-0153-005";"https://raw.githubusercontent.com/Susderk/mockup-uploads/main/mockups/2026-07-15/Neon%20Ruins%20Reverie/Neon_Ruins_Reverie.mp4";"Ruins Graffiti Wallpaper | Neon Rainbow 4K Desktop";"2,99";"https://digipicshopdesigns.etsy.com/de/listing/4538026795";"in stock";"new";"Out of dozens of generated variations, this scene made it through for one reason: the light feels right. The color temperature, the depth, the moment of stillness — it works whether you're deep in a focus session or on a video call where the background quietly says something about your taste. Ancient stone ruins draped in moss meet vibrant street-art color — neon spectrum gradients wash across crumbling architecture at blue hour, blending graffiti aesthetics with something genuinely atmospheric. Handpicked for visual harmony, not just aesthetic novelty. Delivered as a crisp 4K file, ready to use.

Includes {{IMG_COUNT}} high-resolution image files at 4K resolution. Works as a desktop wallpaper on any device and as a Zoom or Microsoft Teams virtual background. Download, unzip, set as background — no software needed.

For those who believe the spaces we occupy — even digital ones — should be chosen, not defaulted to.

This product was created using AI and manually curated.

📩 Message me for a free installation guide – available in English, German, Spanish, and Portuguese for Windows, Mac, and Linux. @digipicshop";"https://raw.githubusercontent.com/Susderk/mockup-uploads/main/mockups/2026-07-15/Neon%20Ruins%20Reverie/1.png";"https://raw.githubusercontent.com/Susderk/mockup-uploads/main/mockups/2026-07-15/Neon%20Ruins%20Reverie/2.png, https://raw.githubusercontent.com/Susderk/mockup-uploads/main/mockups/2026-07-15/Neon%20Ruins%20Reverie/3.png, https://raw.githubusercontent.com/Susderk/mockup-uploads/main/mockups/2026-07-15/Neon%20Ruins%20Reverie/4.png";"999"
"DPS-WP-20260716-0154-002";"https://raw.githubusercontent.com/Susderk/mockup-uploads/main/mockups/2026-07-16/Frozen%20Bridge%20Dream/Frozen_Bridge_Dream.mp4";"Low Poly Bridge Wallpaper | Arctic Blue Geometric 4K";"2,99";"https://digipicshopdesigns.etsy.com/de/listing/4538600717";"in stock";"new";"Out of dozens of generated variations, this scene made it through for one reason: the light feels right. A snow-covered bridge spanning a frozen river, rendered in low-poly geometry and a cool arctic blue palette — the moonlit haze gives it an ethereal stillness that works in any context. The color temperature, the depth, the symmetry — it works whether you're deep in a focus session or on a video call where the background quietly says something about your taste. Handpicked for visual harmony, not just aesthetic novelty. Delivered as a crisp 4K file, ready to use.

What's included: {{IMG_COUNT}} high-resolution image files at 4K resolution, sized for desktop wallpaper and Zoom or Teams backgrounds.

How to use: Download, set as your desktop wallpaper or upload directly as a virtual background in Zoom, Teams, or Google Meet.

For those who believe the spaces we occupy — even digital ones — should be chosen, not defaulted to.

This product was created using AI and manually curated.

📩 Message me for a free installation guide – available in English, German, Spanish, and Portuguese for Windows, Mac, and Linux. @digipicshop";"https://raw.githubusercontent.com/Susderk/mockup-uploads/main/mockups/2026-07-16/Frozen%20Bridge%20Dream/1.png";"https://raw.githubusercontent.com/Susderk/mockup-uploads/main/mockups/2026-07-16/Frozen%20Bridge%20Dream/2.png, https://raw.githubusercontent.com/Susderk/mockup-uploads/main/mockups/2026-07-16/Frozen%20Bridge%20Dream/3.png, https://raw.githubusercontent.com/Susderk/mockup-uploads/main/mockups/2026-07-16/Frozen%20Bridge%20Dream/4.png";"999"
"DPS-WP-20260716-0154-003";"https://raw.githubusercontent.com/Susderk/mockup-uploads/main/mockups/2026-07-16/Neon%20River%20Nostalgia/Neon_River_Nostalgia.mp4";"Synthwave River Wallpaper | Moody Purple Cyan 4K";"2,99";"https://digipicshopdesigns.etsy.com/de/listing/4538616692";"in stock";"new";"Out of dozens of generated variations, this scene made it through for one reason: the light feels right. A willow-lined river bend at blue hour, rendered in deep purples and glowing cyan neon — the color temperature, the depth, the moment of stillness — it works whether you're deep in a focus session or on a video call where the background quietly says something about your taste. The retro synthwave palette adds nostalgia without kitsch; the dreamlike haze keeps it atmospheric rather than loud. Handpicked for visual harmony, not just aesthetic novelty. Delivered as a crisp 4K file, ready to use.

Includes {{IMG_COUNT}} high-resolution image files at 4K resolution. Use as a desktop wallpaper on Mac or PC, or set it as your Zoom or Microsoft Teams virtual background. Simply download, unzip, and apply — no editing required.

For those who believe the spaces we occupy — even digital ones — should be chosen, not defaulted to.

This product was created using AI and manually curated.

📩 Message me for a free installation guide – available in English, German, Spanish, and Portuguese for Windows, Mac, and Linux. @digipicshop";"https://raw.githubusercontent.com/Susderk/mockup-uploads/main/mockups/2026-07-16/Neon%20River%20Nostalgia/1.png";"https://raw.githubusercontent.com/Susderk/mockup-uploads/main/mockups/2026-07-16/Neon%20River%20Nostalgia/2.png, https://raw.githubusercontent.com/Susderk/mockup-uploads/main/mockups/2026-07-16/Neon%20River%20Nostalgia/3.png, https://raw.githubusercontent.com/Susderk/mockup-uploads/main/mockups/2026-07-16/Neon%20River%20Nostalgia/4.png";"999"
"DPS-WP-20260716-0154-004";"https://raw.githubusercontent.com/Susderk/mockup-uploads/main/mockups/2026-07-16/Midnight%20Study%20Lab/Midnight_Study_Lab.mp4";"Computer Lab Wallpaper | Cyberpunk Midnight 4K Desktop";"2,99";"https://digipicshopdesigns.etsy.com/de/listing/4538616952";"in stock";"new";"Built for screens that mean business. The color palette pulls from digital infrastructure — the kind of visual language that shows up in server rooms, late-night coding sessions, and setups where the aesthetic is part of the workflow. Here it's a midnight computer lab drowned in deep purple and cyan glow, stormy skies pressing against the windows, the whole scene charged with focused, after-hours energy. High contrast, layered depth, and enough visual tension to keep things interesting without becoming noise. A background that matches the energy of the work.

Includes {{IMG_COUNT}} high-resolution image files at 4K resolution — ready for desktop wallpaper, dual-monitor setups, and Zoom or Microsoft Teams backgrounds.

How to use: download, set as your desktop background or upload directly to your video call app's virtual background settings.

For setups where the aesthetic isn't decoration — it's signal.

This product was created using AI and manually curated.

📩 Message me for a free installation guide – available in English, German, Spanish, and Portuguese for Windows, Mac, and Linux. @digipicshop";"https://raw.githubusercontent.com/Susderk/mockup-uploads/main/mockups/2026-07-16/Midnight%20Study%20Lab/1.png";"https://raw.githubusercontent.com/Susderk/mockup-uploads/main/mockups/2026-07-16/Midnight%20Study%20Lab/2.png, https://raw.githubusercontent.com/Susderk/mockup-uploads/main/mockups/2026-07-16/Midnight%20Study%20Lab/3.png, https://raw.githubusercontent.com/Susderk/mockup-uploads/main/mockups/2026-07-16/Midnight%20Study%20Lab/4.png";"999"
"DPS-WP-20260716-0154-005";"https://raw.githubusercontent.com/Susderk/mockup-uploads/main/mockups/2026-07-16/Golden%20Hour%20Revival/Golden_Hour_Revival.mp4";"Blooming Tree Wallpaper | Twilight Gold Moody 4K";"2,99";"https://digipicshopdesigns.etsy.com/de/listing/4538617210";"in stock";"new";"Out of dozens of generated variations, this scene made it through for one reason: the light feels right. A single blossoming tree glowing in full bloom against a landscape of bare, skeletal branches — the color temperature shifts from deep shadow into warm gold and ivory as twilight settles. The dramatic contrast between life and dormancy, soft prismatic halos around the petals, and the layered depth from foreground to distant horizon give this image a stillness that holds attention without demanding it. It works whether you're deep in a focus session or on a video call where the background quietly says something about your taste. Handpicked for visual harmony, not just aesthetic novelty. Delivered as a crisp 4K file, ready to use.

Includes {{IMG_COUNT}} high-resolution image files at 4K resolution. Suitable as a desktop wallpaper and as a Zoom or Teams background. To use: download, unzip if needed, and set as your desktop background or upload directly to Zoom or Teams under Virtual Background settings.

For those who believe the spaces we occupy — even digital ones — should be chosen, not defaulted to.

This product was created using AI and manually curated.

📩 Message me for a free installation guide – available in English, German, Spanish, and Portuguese for Windows, Mac, and Linux. @digipicshop";"https://raw.githubusercontent.com/Susderk/mockup-uploads/main/mockups/2026-07-16/Golden%20Hour%20Revival/1.png";"https://raw.githubusercontent.com/Susderk/mockup-uploads/main/mockups/2026-07-16/Golden%20Hour%20Revival/2.png, https://raw.githubusercontent.com/Susderk/mockup-uploads/main/mockups/2026-07-16/Golden%20Hour%20Revival/3.png, https://raw.githubusercontent.com/Susderk/mockup-uploads/main/mockups/2026-07-16/Golden%20Hour%20Revival/4.png";"999"
"DPS-WP-20260717-0155-001";"https://raw.githubusercontent.com/Susderk/mockup-uploads/main/mockups/2026-07-17/Mystic%20Temple%20Dawn/Mystic_Temple_Dawn.mp4";"Ancient Temple Wallpaper | Mystical Blue 4K";"2,99";"https://digipicshopdesigns.etsy.com/de/listing/4539161185";"in stock";"new";"Out of dozens of generated variations, this scene made it through for one reason: the light feels right. The color temperature, the depth, the moment of stillness — it works whether you're deep in a focus session or on a video call where the background quietly says something about your taste. Handpicked for visual harmony, not just aesthetic novelty. Delivered as a crisp 4K file, ready to use.

An ancient temple courtyard draped in ornate lanterns, rendered entirely in deep monochrome blue. Soft fog rolls through the dawn light, dissolving the edges of stone and shadow into something quietly otherworldly.

What's included: {{IMG_COUNT}} high-resolution image files, all at 4K resolution. Use as a desktop wallpaper, a Zoom or Teams meeting background, or a virtual backdrop for any video call setup. Simply download, save, and set — no special software needed.

For those who believe the spaces we occupy — even digital ones — should be chosen, not defaulted to.

This product was created using AI and manually curated.

📩 Message me for a free installation guide – available in English, German, Spanish, and Portuguese for Windows, Mac, and Linux. @digipicshop";"https://raw.githubusercontent.com/Susderk/mockup-uploads/main/mockups/2026-07-17/Mystic%20Temple%20Dawn/1.png";"https://raw.githubusercontent.com/Susderk/mockup-uploads/main/mockups/2026-07-17/Mystic%20Temple%20Dawn/2.png, https://raw.githubusercontent.com/Susderk/mockup-uploads/main/mockups/2026-07-17/Mystic%20Temple%20Dawn/3.png, https://raw.githubusercontent.com/Susderk/mockup-uploads/main/mockups/2026-07-17/Mystic%20Temple%20Dawn/4.png";"999"
"DPS-WP-20260717-0155-002";"https://raw.githubusercontent.com/Susderk/mockup-uploads/main/mockups/2026-07-17/Golden%20Hour%20Garden/Golden_Hour_Garden.mp4";"Rooftop Garden Wallpaper | Warm Golden Hour 4K";"2,99";"https://digipicshopdesigns.etsy.com/de/listing/4539161479";"in stock";"new";"Out of dozens of generated variations, this scene made it through for one reason: the light feels right. The color temperature, the depth, the moment of stillness — it works whether you're deep in a focus session or on a video call where the background quietly says something about your taste. Handpicked for visual harmony, not just aesthetic novelty. Delivered as a crisp 4K file, ready to use.

A rooftop garden suspended above a lively market, bathed in fiery reds and deep oranges as the golden hour fades into dusk. The painterly haze, lush vegetation, and warm cinematic glow make this a background that transforms any screen into something worth looking at.

This Digital Download includes {{IMG_COUNT}} high-resolution image files, all at 4K resolution — ready for use as a desktop wallpaper or a Zoom / Teams background. Simply download, set, and go.

For those who believe the spaces we occupy — even digital ones — should be chosen, not defaulted to.

This product was created using AI and manually curated.

📩 Message me for a free installation guide – available in English, German, Spanish, and Portuguese for Windows, Mac, and Linux. @digipicshop";"https://raw.githubusercontent.com/Susderk/mockup-uploads/main/mockups/2026-07-17/Golden%20Hour%20Garden/1.png";"https://raw.githubusercontent.com/Susderk/mockup-uploads/main/mockups/2026-07-17/Golden%20Hour%20Garden/2.png, https://raw.githubusercontent.com/Susderk/mockup-uploads/main/mockups/2026-07-17/Golden%20Hour%20Garden/3.png, https://raw.githubusercontent.com/Susderk/mockup-uploads/main/mockups/2026-07-17/Golden%20Hour%20Garden/4.png";"999"
"DPS-WP-20260717-0155-003";"https://raw.githubusercontent.com/Susderk/mockup-uploads/main/mockups/2026-07-17/Golden%20Delta%20Dreams/Golden_Delta_Dreams.mp4";"Coastal River Delta Wallpaper | Golden Hour Aerial 4K";"2,99";"https://digipicshopdesigns.etsy.com/de/listing/4539178490";"in stock";"new";"Out of dozens of generated variations, this scene made it through for one reason: the light feels right. The color temperature, the depth, the moment of stillness — it works whether you're deep in a focus session or on a video call where the background quietly says something about your taste. Handpicked for visual harmony, not just aesthetic novelty. Delivered as a crisp 4K file, ready to use.

Shot from above, the meandering delta unfolds in muted teal and warm coral — sandbars, tidal channels, and luminous water reflections filling the frame with calm, optimistic energy. Photorealistic and open, without competing with your on-screen work.

Includes {{IMG_COUNT}} high-resolution image files at 4K resolution. Use as a desktop wallpaper on any device or set it as your Zoom or Teams background for professional video calls. Simply download, unzip, and apply.

For those who believe the spaces we occupy — even digital ones — should be chosen, not defaulted to.

This product was created using AI and manually curated.

📩 Message me for a free installation guide – available in English, German, Spanish, and Portuguese for Windows, Mac, and Linux. @digipicshop";"https://raw.githubusercontent.com/Susderk/mockup-uploads/main/mockups/2026-07-17/Golden%20Delta%20Dreams/1.png";"https://raw.githubusercontent.com/Susderk/mockup-uploads/main/mockups/2026-07-17/Golden%20Delta%20Dreams/2.png, https://raw.githubusercontent.com/Susderk/mockup-uploads/main/mockups/2026-07-17/Golden%20Delta%20Dreams/3.png, https://raw.githubusercontent.com/Susderk/mockup-uploads/main/mockups/2026-07-17/Golden%20Delta%20Dreams/4.png";"999"
"DPS-WP-20260717-0155-004";"https://raw.githubusercontent.com/Susderk/mockup-uploads/main/mockups/2026-07-17/Neon%20Arch%20Dreams/Neon_Arch_Dreams.mp4";"Urban Arch Wallpaper | Neon Rainbow Geometric 4K";"2,99";"https://digipicshopdesigns.etsy.com/de/listing/4539178788";"in stock";"new";"Out of dozens of generated variations, this scene made it through for one reason: the light feels right. Monochrome concrete arches cut sharp linear shadows across the frame — then neon rainbow gradients bleed through the negative space, shifting from warm golden-hour amber into cool spectral hues. The result is urban minimalism that refuses to stay quiet. It works whether you're deep in a focus session or on a video call where the background quietly says something about your taste. Handpicked for visual harmony, not just aesthetic novelty. Delivered as a crisp 4K file, ready to use.

Included: {{IMG_COUNT}} high-resolution image files at 4K resolution — optimized for desktop wallpaper and Zoom or Teams video-call backgrounds.

How to use: Download, unzip, and set your preferred file as your desktop background or virtual meeting backdrop in Zoom, Teams, or Google Meet.

For those who believe the spaces we occupy — even digital ones — should be chosen, not defaulted to.

This product was created using AI and manually curated.

📩 Message me for a free installation guide – available in English, German, Spanish, and Portuguese for Windows, Mac, and Linux. @digipicshop";"https://raw.githubusercontent.com/Susderk/mockup-uploads/main/mockups/2026-07-17/Neon%20Arch%20Dreams/1.png";"https://raw.githubusercontent.com/Susderk/mockup-uploads/main/mockups/2026-07-17/Neon%20Arch%20Dreams/2.png, https://raw.githubusercontent.com/Susderk/mockup-uploads/main/mockups/2026-07-17/Neon%20Arch%20Dreams/3.png, https://raw.githubusercontent.com/Susderk/mockup-uploads/main/mockups/2026-07-17/Neon%20Arch%20Dreams/4.png";"999"
"DPS-WP-20260717-0155-005";"https://raw.githubusercontent.com/Susderk/mockup-uploads/main/mockups/2026-07-17/Sold%20Dreams%20Retro/Sold_Dreams_Retro.mp4";"Synthwave House Wallpaper | Retro 80s Luxury 4K";"2,99";"https://digipicshopdesigns.etsy.com/de/listing/4539179112";"in stock";"new";"Built for screens that mean business. The color palette pulls from digital infrastructure — gold and ivory luxury tones cut through dramatic shadow, the kind of visual language that shows up in late-night creative sessions and setups where the aesthetic is part of the workflow. A retro-futuristic house exterior, synthwave-era architecture bathed in tropical midday light, with neon-infused cinematic depth and high contrast that keeps things interesting without becoming noise. A background that matches the energy of the work.

Includes {{IMG_COUNT}} high-resolution image files at 4K resolution — ready for desktop wallpaper and Zoom or Teams video call backgrounds.

How to use: Download, unzip, and set as your desktop background or virtual meeting backdrop in Zoom, Teams, or Google Meet.

For setups where the aesthetic isn't decoration — it's signal.

This product was created using AI and manually curated.

📩 Message me for a free installation guide – available in English, German, Spanish, and Portuguese for Windows, Mac, and Linux. @digipicshop";"https://raw.githubusercontent.com/Susderk/mockup-uploads/main/mockups/2026-07-17/Sold%20Dreams%20Retro/1.png";"https://raw.githubusercontent.com/Susderk/mockup-uploads/main/mockups/2026-07-17/Sold%20Dreams%20Retro/2.png, https://raw.githubusercontent.com/Susderk/mockup-uploads/main/mockups/2026-07-17/Sold%20Dreams%20Retro/3.png, https://raw.githubusercontent.com/Susderk/mockup-uploads/main/mockups/2026-07-17/Sold%20Dreams%20Retro/4.png";"999"
"DPS-WP-20260718-0157-001";"https://raw.githubusercontent.com/Susderk/mockup-uploads/main/mockups/2026-07-18/Penguins%20Gentle/Penguins_Gentle.mp4";"Penguin Watercolor Wallpaper | Vintage Sepia 4K Desktop";"2,99";"https://digipicshopdesigns.etsy.com/de/listing/4539714424";"in stock";"new";"Out of dozens of generated variations, this scene made it through for one reason: the light feels right. The color temperature, the depth, the moment of stillness — it works whether you're deep in a focus session or on a video call where the background quietly says something about your taste. A curious penguin holds eye contact with quiet confidence, rendered in soft watercolor brushstrokes with sepia and vintage ochre tones that warm any screen without demanding attention. Handpicked for visual harmony, not just aesthetic novelty. Delivered as a crisp 4K file, ready to use.

Includes {{IMG_COUNT}} high-resolution image files at 4K resolution — ready for desktop wallpaper and Zoom or Teams backgrounds. Download, set, done.

For those who believe the spaces we occupy — even digital ones — should be chosen, not defaulted to.

This product was created using AI and manually curated.

📩 Message me for a free installation guide – available in English, German, Spanish, and Portuguese for Windows, Mac, and Linux. @digipicshop";"https://raw.githubusercontent.com/Susderk/mockup-uploads/main/mockups/2026-07-18/Penguins%20Gentle/1.png";"https://raw.githubusercontent.com/Susderk/mockup-uploads/main/mockups/2026-07-18/Penguins%20Gentle/2.png, https://raw.githubusercontent.com/Susderk/mockup-uploads/main/mockups/2026-07-18/Penguins%20Gentle/3.png, https://raw.githubusercontent.com/Susderk/mockup-uploads/main/mockups/2026-07-18/Penguins%20Gentle/4.png";"999"
"DPS-WP-20260718-0157-002";"https://raw.githubusercontent.com/Susderk/mockup-uploads/main/mockups/2026-07-18/Alpine%20Glow/Alpine_Glow.mp4";"Geometric Mountain Wallpaper | Low-Poly Snowy Sunset 4K";"2,99";"https://digipicshopdesigns.etsy.com/de/listing/4539714662";"in stock";"new";"Out of dozens of generated variations, this scene made it through for one reason: the light feels right. The color temperature, the depth, the moment of stillness — it works whether you're deep in a focus session or on a video call where the background quietly says something about your taste. A low-poly geometric mountain pass, dusted in snow, with warm wooden huts nestled into layered pastel peaks. Sunset tones bleed softly across the faceted ridgelines — cheerful without being loud. Handpicked for visual harmony, not just aesthetic novelty. Delivered as a crisp 4K file, ready to use.

Includes {{IMG_COUNT}} high-resolution image files at 4K resolution. Works as a desktop wallpaper on any device and as a virtual background for Zoom or Microsoft Teams meetings. To use: download, unzip if needed, and set as your wallpaper or upload directly to your video call app.

For those who believe the spaces we occupy — even digital ones — should be chosen, not defaulted to.

This product was created using AI and manually curated.

📩 Message me for a free installation guide – available in English, German, Spanish, and Portuguese for Windows, Mac, and Linux. @digipicshop";"https://raw.githubusercontent.com/Susderk/mockup-uploads/main/mockups/2026-07-18/Alpine%20Glow/1.png";"https://raw.githubusercontent.com/Susderk/mockup-uploads/main/mockups/2026-07-18/Alpine%20Glow/2.png, https://raw.githubusercontent.com/Susderk/mockup-uploads/main/mockups/2026-07-18/Alpine%20Glow/3.png, https://raw.githubusercontent.com/Susderk/mockup-uploads/main/mockups/2026-07-18/Alpine%20Glow/4.png";"999"
"DPS-WP-20260718-0157-003";"https://raw.githubusercontent.com/Susderk/mockup-uploads/main/mockups/2026-07-18/Blue%20Hour%20Bovine/Blue_Hour_Bovine.mp4";"Street Art Cow Wallpaper | Moody Blue Desert 4K";"2,99";"https://digipicshopdesigns.etsy.com/de/listing/4539698217";"in stock";"new";"Out of dozens of generated variations, this scene made it through for one reason: the light feels right. A curious cow staring straight into the frame — rendered in deep monochrome blue with the warm glow of a desert sunset bleeding through. Street-art energy meets painterly stillness. The color temperature, the depth, the moment of stillness — it works whether you're deep in a focus session or on a video call where the background quietly says something about your taste. Handpicked for visual harmony, not just aesthetic novelty. Delivered as a crisp 4K file, ready to use.

Includes {{IMG_COUNT}} high-resolution image files at 4K resolution. Optimized for desktop wallpaper and as a Zoom or Teams virtual meeting background. Simply download, set, and go.

For those who believe the spaces we occupy — even digital ones — should be chosen, not defaulted to.

This product was created using AI and manually curated.

📩 Message me for a free installation guide – available in English, German, Spanish, and Portuguese for Windows, Mac, and Linux. @digipicshop";"https://raw.githubusercontent.com/Susderk/mockup-uploads/main/mockups/2026-07-18/Blue%20Hour%20Bovine/1.png";"https://raw.githubusercontent.com/Susderk/mockup-uploads/main/mockups/2026-07-18/Blue%20Hour%20Bovine/2.png, https://raw.githubusercontent.com/Susderk/mockup-uploads/main/mockups/2026-07-18/Blue%20Hour%20Bovine/3.png, https://raw.githubusercontent.com/Susderk/mockup-uploads/main/mockups/2026-07-18/Blue%20Hour%20Bovine/4.png";"999"
"DPS-WP-20260718-0157-004";"https://raw.githubusercontent.com/Susderk/mockup-uploads/main/mockups/2026-07-18/Twilight%20Savanna/Twilight_Savanna.mp4";"African Savanna Wallpaper | Moody Golden Hour 4K";"2,99";"https://digipicshopdesigns.etsy.com/de/listing/4539698463";"in stock";"new";"Out of dozens of generated variations, this scene made it through for one reason: the light feels right. A vast African savanna stretches into dusk — acacia trees scattered across a glowing horizon, the sky shifting from golden hour warmth into deep purple and cyan. There is a dreamlike stillness to it, a contemplative mood that makes distance feel tangible. The color temperature, the depth, the moment of quiet — it works whether you're deep in a focus session or on a video call where the background quietly says something about your taste. Handpicked for visual harmony, not just aesthetic novelty. Delivered as a crisp 4K file, ready to use.

Includes {{IMG_COUNT}} high-resolution image files at 4K resolution. Use as a desktop wallpaper, virtual Zoom or Teams background, or across any widescreen display. Simply download, set, and you're done.

For those who believe the spaces we occupy — even digital ones — should be chosen, not defaulted to.

This product was created using AI and manually curated.

📩 Message me for a free installation guide – available in English, German, Spanish, and Portuguese for Windows, Mac, and Linux. @digipicshop";"https://raw.githubusercontent.com/Susderk/mockup-uploads/main/mockups/2026-07-18/Twilight%20Savanna/1.png";"https://raw.githubusercontent.com/Susderk/mockup-uploads/main/mockups/2026-07-18/Twilight%20Savanna/2.png, https://raw.githubusercontent.com/Susderk/mockup-uploads/main/mockups/2026-07-18/Twilight%20Savanna/3.png, https://raw.githubusercontent.com/Susderk/mockup-uploads/main/mockups/2026-07-18/Twilight%20Savanna/4.png";"999"
"DPS-WP-20260718-0157-005";"https://raw.githubusercontent.com/Susderk/mockup-uploads/main/mockups/2026-07-18/Monsoon%20Canopy%20Mist/Monsoon_Canopy_Mist.mp4";"Rainforest Canopy Wallpaper | Moody Tropical 4K";"2,99";"https://digipicshopdesigns.etsy.com/de/listing/4539715372";"in stock";"new";"Some workspaces need a horizon. This scene brings in natural light filtered through dense rainforest canopy — layers of deep teal and emerald foliage dissolving into luminous atmospheric haze. The painterly watercolor style gives it softness without losing depth. It's grounding without being decorative — the kind of background that doesn't compete with what's on screen, but gives the room a different quality of air. Works for video calls, deep work sessions, and spaces that need to feel a little less like offices.

Included in this Digital Download:
— {{IMG_COUNT}} high-resolution image files
— 4K resolution, ready to use immediately
— Optimized for desktop wallpaper and Zoom or Teams backgrounds

How to use: Download the files, set as your desktop background or upload directly into Zoom or Microsoft Teams as a virtual background.

Made for anyone who wants their workspace to feel less like infrastructure and more like a place worth being.

This product was created using AI and manually curated.

📩 Message me for a free installation guide – available in English, German, Spanish, and Portuguese for Windows, Mac, and Linux. @digipicshop";"https://raw.githubusercontent.com/Susderk/mockup-uploads/main/mockups/2026-07-18/Monsoon%20Canopy%20Mist/1.png";"https://raw.githubusercontent.com/Susderk/mockup-uploads/main/mockups/2026-07-18/Monsoon%20Canopy%20Mist/2.png, https://raw.githubusercontent.com/Susderk/mockup-uploads/main/mockups/2026-07-18/Monsoon%20Canopy%20Mist/3.png, https://raw.githubusercontent.com/Susderk/mockup-uploads/main/mockups/2026-07-18/Monsoon%20Canopy%20Mist/4.png";"999"
"DPS-WP-20260719-0157-001";"https://raw.githubusercontent.com/Susderk/mockup-uploads/main/mockups/2026-07-19/Neon%20Dusk/Neon_Dusk.mp4";"Cyberpunk Skyline Wallpaper | Moody Night 4K Desktop";"2,99";"https://digipicshopdesigns.etsy.com/de/listing/4540211698";"in stock";"new";"Built for screens that mean business. The color palette pulls from digital infrastructure — the kind of visual language that shows up in server rooms, late-night coding sessions, and setups where the aesthetic is part of the workflow. A futuristic city skyline fades into cool metallic haze, tilt-shift depth pulling the eye through layered urban geometry into peaceful stillness. High contrast, cinematic depth, and enough visual tension to keep things interesting without becoming noise. A background that matches the energy of the work.

Includes {{IMG_COUNT}} high-resolution image files at 4K resolution — crisp on any monitor, ultrawide, or presentation screen.

Use as a desktop wallpaper, virtual Zoom or Teams background, or screensaver. Simply download, set, and go — no editing needed.

For setups where the aesthetic isn't decoration — it's signal.

This product was created using AI and manually curated.

📩 Message me for a free installation guide – available in English, German, Spanish, and Portuguese for Windows, Mac, and Linux. @digipicshop";"https://raw.githubusercontent.com/Susderk/mockup-uploads/main/mockups/2026-07-19/Neon%20Dusk/1.png";"https://raw.githubusercontent.com/Susderk/mockup-uploads/main/mockups/2026-07-19/Neon%20Dusk/2.png, https://raw.githubusercontent.com/Susderk/mockup-uploads/main/mockups/2026-07-19/Neon%20Dusk/3.png, https://raw.githubusercontent.com/Susderk/mockup-uploads/main/mockups/2026-07-19/Neon%20Dusk/4.png";"999"
"DPS-WP-20260719-0157-002";"https://raw.githubusercontent.com/Susderk/mockup-uploads/main/mockups/2026-07-19/Arctic%20Living/Arctic_Living.mp4";"Winter Living Room Wallpaper | Arctic Blue Minimalist 4K";"2,99";"https://digipicshopdesigns.etsy.com/de/listing/4540211912";"in stock";"new";"Out of dozens of generated variations, this scene made it through for one reason: the light feels right. The color temperature, the depth, the moment of stillness — it works whether you're deep in a focus session or on a video call where the background quietly says something about your taste. A sun-drenched open-plan living room bathed in cool arctic blue, staged with minimalist modern interiors and soft diffused winter morning light. Handpicked for visual harmony, not just aesthetic novelty. Delivered as a crisp 4K file, ready to use.

Includes {{IMG_COUNT}} high-resolution image files at 4K resolution. Use as a desktop wallpaper, screensaver, or virtual Zoom and Teams background. Simply download, set, and go — no special software needed.

For those who believe the spaces we occupy — even digital ones — should be chosen, not defaulted to.

This product was created using AI and manually curated.

📩 Message me for a free installation guide – available in English, German, Spanish, and Portuguese for Windows, Mac, and Linux. @digipicshop";"https://raw.githubusercontent.com/Susderk/mockup-uploads/main/mockups/2026-07-19/Arctic%20Living/1.png";"https://raw.githubusercontent.com/Susderk/mockup-uploads/main/mockups/2026-07-19/Arctic%20Living/2.png, https://raw.githubusercontent.com/Susderk/mockup-uploads/main/mockups/2026-07-19/Arctic%20Living/3.png, https://raw.githubusercontent.com/Susderk/mockup-uploads/main/mockups/2026-07-19/Arctic%20Living/4.png";"999"
"DPS-WP-20260719-0157-003";"https://raw.githubusercontent.com/Susderk/mockup-uploads/main/mockups/2026-07-19/Arctic%20Serenity/Arctic_Serenity.mp4";"Aurora Borealis Wallpaper | Geometric Low-Poly 4K Winter";"2,99";"https://digipicshopdesigns.etsy.com/de/listing/4540212134";"in stock";"new";"Out of dozens of generated variations, this scene made it through for one reason: the light feels right. The deep blue monochrome palette, the crystalline geometric facets of the aurora, the stillness of frozen tundra at dawn — it works whether you're deep in a focus session or on a video call where the background quietly says something about your taste. Handpicked for visual harmony, not just aesthetic novelty. Delivered as a crisp 4K file, ready to use.

Included in this Digital Download:
— {{IMG_COUNT}} high-resolution image files
— 4K resolution, optimized for widescreen displays
— Ready for desktop wallpaper and Zoom or Teams background use

How to use: Download, unzip, set as your desktop background or virtual meeting backdrop in Zoom, Teams, or Google Meet.

For those who believe the spaces we occupy — even digital ones — should be chosen, not defaulted to.

This product was created using AI and manually curated.

📩 Message me for a free installation guide – available in English, German, Spanish, and Portuguese for Windows, Mac, and Linux. @digipicshop";"https://raw.githubusercontent.com/Susderk/mockup-uploads/main/mockups/2026-07-19/Arctic%20Serenity/1.png";"https://raw.githubusercontent.com/Susderk/mockup-uploads/main/mockups/2026-07-19/Arctic%20Serenity/2.png, https://raw.githubusercontent.com/Susderk/mockup-uploads/main/mockups/2026-07-19/Arctic%20Serenity/3.png, https://raw.githubusercontent.com/Susderk/mockup-uploads/main/mockups/2026-07-19/Arctic%20Serenity/4.png";"999"
"DPS-WP-20260719-0157-004";"https://raw.githubusercontent.com/Susderk/mockup-uploads/main/mockups/2026-07-19/Harbors%20Golden/Harbors_Golden.mp4";"Harbor at Blue Hour Wallpaper | Moody Industrial 4K";"2,99";"https://digipicshopdesigns.etsy.com/de/listing/4540212372";"in stock";"new";"Out of dozens of generated variations, this scene made it through for one reason: the light feels right. The color temperature, the depth, the moment of stillness — it works whether you're deep in a focus session or on a video call where the background quietly says something about your taste. Crane silhouettes dissolve into a blue-hour gradient, amber dock lights warm the water's surface, and the open horizon keeps the composition from closing in. Handpicked for visual harmony, not just aesthetic novelty. Delivered as a crisp 4K file, ready to use.

Included: {{IMG_COUNT}} high-resolution image files at 4K resolution — optimized for desktop wallpaper and Zoom or Teams video-call backgrounds. Download, set, done.

For those who believe the spaces we occupy — even digital ones — should be chosen, not defaulted to.

This product was created using AI and manually curated.

📩 Message me for a free installation guide – available in English, German, Spanish, and Portuguese for Windows, Mac, and Linux. @digipicshop";"https://raw.githubusercontent.com/Susderk/mockup-uploads/main/mockups/2026-07-19/Harbors%20Golden/1.png";"https://raw.githubusercontent.com/Susderk/mockup-uploads/main/mockups/2026-07-19/Harbors%20Golden/2.png, https://raw.githubusercontent.com/Susderk/mockup-uploads/main/mockups/2026-07-19/Harbors%20Golden/3.png, https://raw.githubusercontent.com/Susderk/mockup-uploads/main/mockups/2026-07-19/Harbors%20Golden/4.png";"999"
"DPS-WP-20260719-0157-005";"https://raw.githubusercontent.com/Susderk/mockup-uploads/main/mockups/2026-07-19/Voyage%20of%20Discovery/Voyage_of_Discovery.mp4";"Maritime Fog Wallpaper | Teal Coral Ship 4K Desktop";"2,99";"https://digipicshopdesigns.etsy.com/de/listing/4540194735";"in stock";"new";"Some workspaces need a horizon. This maritime scene brings in open water, luminous sea haze, and the kind of quiet that makes focused work feel less confined. A research vessel cuts through soft fog under optimistic daylight — muted teal and coral tones keeping the palette calm without feeling cold. It's grounding without being decorative — the kind of background that doesn't compete with what's on screen, but gives the room a different quality of air. Works for video calls, deep work sessions, and spaces that need to feel a little less like offices.

What's included: {{IMG_COUNT}} high-resolution image files at 4K resolution — sized for desktop wallpaper and Zoom or Teams backgrounds.

How to use: Download, save to your device, and set as your desktop background or virtual meeting backdrop in your video-call settings.

Made for anyone who wants their workspace to feel less like infrastructure and more like a place worth being.

This product was created using AI and manually curated.

📩 Message me for a free installation guide – available in English, German, Spanish, and Portuguese for Windows, Mac, and Linux. @digipicshop";"https://raw.githubusercontent.com/Susderk/mockup-uploads/main/mockups/2026-07-19/Voyage%20of%20Discovery/1.png";"https://raw.githubusercontent.com/Susderk/mockup-uploads/main/mockups/2026-07-19/Voyage%20of%20Discovery/2.png, https://raw.githubusercontent.com/Susderk/mockup-uploads/main/mockups/2026-07-19/Voyage%20of%20Discovery/3.png, https://raw.githubusercontent.com/Susderk/mockup-uploads/main/mockups/2026-07-19/Voyage%20of%20Discovery/4.png";"999"
"DPS-WP-20260720-0157-001";"https://raw.githubusercontent.com/Susderk/mockup-uploads/main/mockups/2026-07-20/Neon%20Express%20Dawn/Neon_Express_Dawn.mp4";"Synthwave Train Station Wallpaper | Retro 80s Neon 4K";"2,99";"https://digipicshopdesigns.etsy.com/de/listing/4540644806";"in stock";"new";"Out of dozens of generated variations, this scene made it through for one reason: the light feels right. A synthwave train station at dawn — neon rainbow colors spilling into soft pastels, luminous haze rolling across the platform, a single departing train caught in that cinematic moment between stillness and motion. The Dutch-angle composition gives it edge without chaos; the diffraction glow keeps it dreamy. It works whether you're deep in a focus session or on a video call where the background quietly says something about your taste. Handpicked for visual harmony, not just aesthetic novelty. Delivered as a crisp 4K file, ready to use.

Includes {{IMG_COUNT}} high-resolution image files at 4K resolution. Perfect as a desktop wallpaper or virtual Zoom / Teams background. Simply download, unzip, and set as your background — no editing needed.

For those who believe the spaces we occupy — even digital ones — should be chosen, not defaulted to.

This product was created using AI and manually curated.

📩 Message me for a free installation guide – available in English, German, Spanish, and Portuguese for Windows, Mac, and Linux. @digipicshop";"https://raw.githubusercontent.com/Susderk/mockup-uploads/main/mockups/2026-07-20/Neon%20Express%20Dawn/1.png";"https://raw.githubusercontent.com/Susderk/mockup-uploads/main/mockups/2026-07-20/Neon%20Express%20Dawn/2.png, https://raw.githubusercontent.com/Susderk/mockup-uploads/main/mockups/2026-07-20/Neon%20Express%20Dawn/3.png, https://raw.githubusercontent.com/Susderk/mockup-uploads/main/mockups/2026-07-20/Neon%20Express%20Dawn/4.png";"999"
"DPS-WP-20260720-0157-002";"https://raw.githubusercontent.com/Susderk/mockup-uploads/main/mockups/2026-07-20/Desert%20Mouse%20Wonder/Desert_Mouse_Wonder.mp4";"Mouse Watercolor Wallpaper | Warm Sunset Pastel 4K";"2,99";"https://digipicshopdesigns.etsy.com/de/listing/4540627731";"in stock";"new";"Out of dozens of generated variations, this scene made it through for one reason: the light feels right. The color temperature, the depth, the moment of stillness — it works whether you're deep in a focus session or on a video call where the background quietly says something about your taste. A curious mouse gazes directly at you through warm coral and golden sunset pastels, rendered in loose, impressionistic watercolor brushstrokes with a dreamy, layered depth that feels both intimate and expansive. Handpicked for visual harmony, not just aesthetic novelty. Delivered as a crisp 4K file, ready to use.

Includes {{IMG_COUNT}} high-resolution image files at 4K resolution — optimized for desktop wallpaper, laptop screens, and Zoom or Teams video call backgrounds. Simply download, set as background, and you're done.

For those who believe the spaces we occupy — even digital ones — should be chosen, not defaulted to.

This product was created using AI and manually curated.

📩 Message me for a free installation guide – available in English, German, Spanish, and Portuguese for Windows, Mac, and Linux. @digipicshop";"https://raw.githubusercontent.com/Susderk/mockup-uploads/main/mockups/2026-07-20/Desert%20Mouse%20Wonder/1.png";"https://raw.githubusercontent.com/Susderk/mockup-uploads/main/mockups/2026-07-20/Desert%20Mouse%20Wonder/2.png, https://raw.githubusercontent.com/Susderk/mockup-uploads/main/mockups/2026-07-20/Desert%20Mouse%20Wonder/3.png, https://raw.githubusercontent.com/Susderk/mockup-uploads/main/mockups/2026-07-20/Desert%20Mouse%20Wonder/4.png";"999"
"DPS-WP-20260720-0157-003";"https://raw.githubusercontent.com/Susderk/mockup-uploads/main/mockups/2026-07-20/Autumn%20Fields/Autumn_Fields.mp4";"Farmland Aerial Wallpaper | Street Art B&W 4K Desktop";"2,99";"https://digipicshopdesigns.etsy.com/de/listing/4540628021";"in stock";"new";"Out of dozens of generated variations, this scene made it through for one reason: the light feels right. The color temperature, the depth, the moment of stillness — it works whether you're deep in a focus session or on a video call where the background quietly says something about your taste. Aerial rolling hills rendered in high-contrast black and white street-art style, with bold geometric lines and a diagonal composition that dissolves at the edges into generous negative space. Graphic without being loud. Striking without being distracting.

Includes {{IMG_COUNT}} high-resolution image files at 4K resolution — sharp on any screen size.

Use as a desktop wallpaper, a Zoom or Teams background, or a digital backdrop for your workspace. Download, unzip, set — done.

For those who believe the spaces we occupy — even digital ones — should be chosen, not defaulted to.

This product was created using AI and manually curated.

📩 Message me for a free installation guide – available in English, German, Spanish, and Portuguese for Windows, Mac, and Linux. @digipicshop";"https://raw.githubusercontent.com/Susderk/mockup-uploads/main/mockups/2026-07-20/Autumn%20Fields/1.png";"https://raw.githubusercontent.com/Susderk/mockup-uploads/main/mockups/2026-07-20/Autumn%20Fields/2.png, https://raw.githubusercontent.com/Susderk/mockup-uploads/main/mockups/2026-07-20/Autumn%20Fields/3.png, https://raw.githubusercontent.com/Susderk/mockup-uploads/main/mockups/2026-07-20/Autumn%20Fields/4.png";"999"
"DPS-WP-20260720-0157-004";"https://raw.githubusercontent.com/Susderk/mockup-uploads/main/mockups/2026-07-20/Scale%20Models%20Studio/Scale_Models_Studio.mp4";"Architecture Model Wallpaper | Deep Blue Cinematic 4K";"2,99";"https://digipicshopdesigns.etsy.com/de/listing/4540645500";"in stock";"new";"Out of dozens of generated variations, this scene made it through for one reason: the light feels right. A symmetrical presentation room filled with architectural scale models, wrapped in a monochrome deep blue palette — stormy skies pressing against the windows, cinematic depth pulling the eye inward. The color temperature, the stillness, the controlled drama — it works whether you're deep in a focus session or on a video call where the background quietly says something about your taste. Handpicked for visual harmony, not just aesthetic novelty. Delivered as a crisp 4K file, ready to use.

Included: {{IMG_COUNT}} high-resolution image files, all at 4K resolution. Optimized for desktop wallpaper and Zoom or Teams video call backgrounds. Simply download, set as your background, and you're done.

For those who believe the spaces we occupy — even digital ones — should be chosen, not defaulted to.

This product was created using AI and manually curated.

📩 Message me for a free installation guide – available in English, German, Spanish, and Portuguese for Windows, Mac, and Linux. @digipicshop";"https://raw.githubusercontent.com/Susderk/mockup-uploads/main/mockups/2026-07-20/Scale%20Models%20Studio/1.png";"https://raw.githubusercontent.com/Susderk/mockup-uploads/main/mockups/2026-07-20/Scale%20Models%20Studio/2.png, https://raw.githubusercontent.com/Susderk/mockup-uploads/main/mockups/2026-07-20/Scale%20Models%20Studio/3.png, https://raw.githubusercontent.com/Susderk/mockup-uploads/main/mockups/2026-07-20/Scale%20Models%20Studio/4.png";"999"
"DPS-WP-20260720-0157-005";"https://raw.githubusercontent.com/Susderk/mockup-uploads/main/mockups/2026-07-20/Midnight%20Hustle/Midnight_Hustle.mp4";"Startup War Room Wallpaper | Moody Gold 4K";"2,99";"https://digipicshopdesigns.etsy.com/de/listing/4540645704";"in stock";"new";"Out of dozens of generated variations, this scene made it through for one reason: the light feels right. The color temperature, the depth, the moment of stillness — it works whether you're deep in a focus session or on a video call where the background quietly says something about your taste. A midnight war room bathed in gold and ivory — the kind of space that reads ambition without spelling it out. Handpicked for visual harmony, not just aesthetic novelty. Delivered as a crisp 4K file, ready to use.

Includes {{IMG_COUNT}} high-resolution image files at 4K resolution — sized for desktop wallpaper and virtual meeting backgrounds (Zoom, Teams, Google Meet).

How to use: download, set as desktop wallpaper or upload directly as your Zoom or Teams background.

For those who believe the spaces we occupy — even digital ones — should be chosen, not defaulted to.

This product was created using AI and manually curated.

📩 Message me for a free installation guide – available in English, German, Spanish, and Portuguese for Windows, Mac, and Linux. @digipicshop";"https://raw.githubusercontent.com/Susderk/mockup-uploads/main/mockups/2026-07-20/Midnight%20Hustle/1.png";"https://raw.githubusercontent.com/Susderk/mockup-uploads/main/mockups/2026-07-20/Midnight%20Hustle/2.png, https://raw.githubusercontent.com/Susderk/mockup-uploads/main/mockups/2026-07-20/Midnight%20Hustle/3.png, https://raw.githubusercontent.com/Susderk/mockup-uploads/main/mockups/2026-07-20/Midnight%20Hustle/4.png";"999"
"DPS-WP-20260721-0159-001";"https://raw.githubusercontent.com/Susderk/mockup-uploads/main/mockups/2026-07-21/Twilight%20Solitude/Twilight_Solitude.mp4";"Twilight Island Wallpaper | Moody Watercolor 4K Beach";"2,99";"https://digipicshopdesigns.etsy.com/de/listing/4541177601";"in stock";"new";"Out of dozens of generated variations, this scene made it through for one reason: the light feels right. The color temperature, the depth, the moment of stillness — it works whether you're deep in a focus session or on a video call where the background quietly says something about your taste. A remote island beach at twilight, rendered in loose watercolor strokes with a deep purple and cyan palette. The high viewpoint and soft luminous haze pull your eye toward the horizon, while long shadows and fading light give the scene a moody, suspenseful calm. Handpicked for visual harmony, not just aesthetic novelty. Delivered as a crisp 4K file, ready to use.

Includes {{IMG_COUNT}} high-resolution image files at 4K resolution. Use as a desktop wallpaper or virtual Zoom/Teams background. Download, unzip, and set — no editing required.

For those who believe the spaces we occupy — even digital ones — should be chosen, not defaulted to.

This product was created using AI and manually curated.

📩 Message me for a free installation guide – available in English, German, Spanish, and Portuguese for Windows, Mac, and Linux. @digipicshop";"https://raw.githubusercontent.com/Susderk/mockup-uploads/main/mockups/2026-07-21/Twilight%20Solitude/1.png";"https://raw.githubusercontent.com/Susderk/mockup-uploads/main/mockups/2026-07-21/Twilight%20Solitude/2.png, https://raw.githubusercontent.com/Susderk/mockup-uploads/main/mockups/2026-07-21/Twilight%20Solitude/3.png, https://raw.githubusercontent.com/Susderk/mockup-uploads/main/mockups/2026-07-21/Twilight%20Solitude/4.png";"999"
"DPS-WP-20260721-0159-002";"https://raw.githubusercontent.com/Susderk/mockup-uploads/main/mockups/2026-07-21/Snowy%20Cabin%20Retreat/Snowy_Cabin_Retreat.mp4";"Snowy Cabin Wallpaper | Cozy Winter Forest 4K";"2,99";"https://digipicshopdesigns.etsy.com/de/listing/4541177931";"in stock";"new";"Out of dozens of generated variations, this scene made it through for one reason: the light feels right. Warm ochre and sage tones settle into a snow-dusted forest, the cabin sitting quietly at the bend of the composition — the kind of stillness that makes a Monday morning easier to face. The color temperature, the depth, the soft watercolor edges dissolving into haze — it works whether you're deep in a focus session or on a video call where the background quietly says something about your taste. Handpicked for visual harmony, not just aesthetic novelty. Delivered as a crisp 4K file, ready to use.

Includes {{IMG_COUNT}} high-resolution image files at 4K resolution. Use as a desktop wallpaper, virtual meeting backdrop, or Zoom/Teams background. Simply download, set as background, and done.

For those who believe the spaces we occupy — even digital ones — should be chosen, not defaulted to.

This product was created using AI and manually curated.

📩 Message me for a free installation guide – available in English, German, Spanish, and Portuguese for Windows, Mac, and Linux. @digipicshop";"https://raw.githubusercontent.com/Susderk/mockup-uploads/main/mockups/2026-07-21/Snowy%20Cabin%20Retreat/1.png";"https://raw.githubusercontent.com/Susderk/mockup-uploads/main/mockups/2026-07-21/Snowy%20Cabin%20Retreat/2.png, https://raw.githubusercontent.com/Susderk/mockup-uploads/main/mockups/2026-07-21/Snowy%20Cabin%20Retreat/3.png, https://raw.githubusercontent.com/Susderk/mockup-uploads/main/mockups/2026-07-21/Snowy%20Cabin%20Retreat/4.png";"999"
"DPS-WP-20260721-0159-003";"https://raw.githubusercontent.com/Susderk/mockup-uploads/main/mockups/2026-07-21/Market%20Energy%20Rush/Market_Energy_Rush.mp4";"Trading Floor Wallpaper | Fiery Watercolor 4K";"2,99";"https://digipicshopdesigns.etsy.com/de/listing/4541178235";"in stock";"new";"Out of dozens of generated variations, this scene made it through for one reason: the light feels right. Fiery reds and oranges wash across a bustling trading floor in loose, gestural watercolor strokes — dynamic, luminous, and alive with the energy of high-stakes work. The color temperature, the depth, the diagonal sweep of light across clustered workstations — it works whether you're deep in a focus session or on a video call where the background quietly says something about your taste. Handpicked for visual harmony, not just aesthetic novelty. Delivered as a crisp 4K file, ready to use.

Includes {{IMG_COUNT}} high-resolution image files at 4K resolution — optimized for desktop wallpaper and Zoom or Teams video call backgrounds. Download, set, and you're done.

For those who believe the spaces we occupy — even digital ones — should be chosen, not defaulted to.

This product was created using AI and manually curated.

📩 Message me for a free installation guide – available in English, German, Spanish, and Portuguese for Windows, Mac, and Linux. @digipicshop";"https://raw.githubusercontent.com/Susderk/mockup-uploads/main/mockups/2026-07-21/Market%20Energy%20Rush/1.png";"https://raw.githubusercontent.com/Susderk/mockup-uploads/main/mockups/2026-07-21/Market%20Energy%20Rush/2.png, https://raw.githubusercontent.com/Susderk/mockup-uploads/main/mockups/2026-07-21/Market%20Energy%20Rush/3.png, https://raw.githubusercontent.com/Susderk/mockup-uploads/main/mockups/2026-07-21/Market%20Energy%20Rush/4.png";"999"
"DPS-WP-20260721-0159-005";"https://raw.githubusercontent.com/Susderk/mockup-uploads/main/mockups/2026-07-21/Bioluminescent/Bioluminescent.mp4";"Ocean Bioluminescence Wallpaper | Ethereal Deep Sea 4K";"2,99";"https://digipicshopdesigns.etsy.com/de/listing/4541196668";"in stock";"new";"Out of dozens of generated variations, this scene made it through for one reason: the light feels right. The color temperature, the depth, the moment of stillness — it works whether you're deep in a focus session or on a video call where the background quietly says something about your taste. Glowing organisms suspended in dark water, fiery reds and oranges bleeding through the deep — it's atmospheric without being aggressive, otherworldly without feeling cold. Handpicked for visual harmony, not just aesthetic novelty. Delivered as a crisp 4K file, ready to use.

Included in this Digital Download:
— {{IMG_COUNT}} high-resolution image files
— 4K resolution, optimized for widescreen displays
— Ready for desktop wallpaper and Zoom or Teams background use

How to use: Download, set as your desktop background or upload directly into Zoom or Teams display settings.

For those who believe the spaces we occupy — even digital ones — should be chosen, not defaulted to.

This product was created using AI and manually curated.

📩 Message me for a free installation guide – available in English, German, Spanish, and Portuguese for Windows, Mac, and Linux. @digipicshop";"https://raw.githubusercontent.com/Susderk/mockup-uploads/main/mockups/2026-07-21/Bioluminescent/1.png";"https://raw.githubusercontent.com/Susderk/mockup-uploads/main/mockups/2026-07-21/Bioluminescent/2.png, https://raw.githubusercontent.com/Susderk/mockup-uploads/main/mockups/2026-07-21/Bioluminescent/3.png, https://raw.githubusercontent.com/Susderk/mockup-uploads/main/mockups/2026-07-21/Bioluminescent/4.png";"999"
"DPS-WP-20260722-0155-001";"https://raw.githubusercontent.com/Susderk/mockup-uploads/main/mockups/2026-07-22/Blossom%20Storm/Blossom_Storm.mp4";"Cherry Blossom Aerial Wallpaper | Moody Vintage 4K";"2,99";"https://digipicshopdesigns.etsy.com/de/listing/4541789819";"in stock";"new";"Out of dozens of generated variations, this scene made it through for one reason: the light feels right. An aerial view of cherry trees in full bloom — sepia-washed, storm-lit, with that rare golden edge that only appears when clouds break at the wrong time in the best way. The color temperature, the depth, the moment of stillness — it works whether you're deep in a focus session or on a video call where the background quietly says something about your taste. Handpicked for visual harmony, not just aesthetic novelty. Delivered as a crisp 4K file, ready to use.

Includes {{IMG_COUNT}} high-resolution image files at 4K resolution. Optimized for desktop wallpaper and as a Zoom or Teams virtual background. Download, unzip, set — no editing needed.

For those who believe the spaces we occupy — even digital ones — should be chosen, not defaulted to.

This product was created using AI and manually curated.

📩 Message me for a free installation guide – available in English, German, Spanish, and Portuguese for Windows, Mac, and Linux. @digipicshop";"https://raw.githubusercontent.com/Susderk/mockup-uploads/main/mockups/2026-07-22/Blossom%20Storm/1.png";"https://raw.githubusercontent.com/Susderk/mockup-uploads/main/mockups/2026-07-22/Blossom%20Storm/2.png, https://raw.githubusercontent.com/Susderk/mockup-uploads/main/mockups/2026-07-22/Blossom%20Storm/3.png, https://raw.githubusercontent.com/Susderk/mockup-uploads/main/mockups/2026-07-22/Blossom%20Storm/4.png";"999"
"DPS-WP-20260722-0155-002";"https://raw.githubusercontent.com/Susderk/mockup-uploads/main/mockups/2026-07-22/Neon%20Harvest%20Dusk/Neon_Harvest_Dusk.mp4";"Synthwave Rice Field Wallpaper | Retro 80s Sunset 4K";"2,99";"https://digipicshopdesigns.etsy.com/de/listing/4541804924";"in stock";"new";"Out of dozens of generated variations, this scene made it through for one reason: the light feels right. A synthwave sunset bleeds across an open rice field horizon — forest green and warm brown grounding the frame while fading golden light pulls the atmosphere into something between dusk and dream. The retro 80s mood is present but restrained: suspenseful, cinematic, and quietly immersive. The color temperature, the depth, the moment of stillness — it works whether you're deep in a focus session or on a video call where the background quietly says something about your taste. Handpicked for visual harmony, not just aesthetic novelty. Delivered as a crisp 4K file, ready to use.

Includes {{IMG_COUNT}} high-resolution image files at 4K resolution. Works as a desktop wallpaper, Zoom background, or Microsoft Teams backdrop. Download, set, done.

For those who believe the spaces we occupy — even digital ones — should be chosen, not defaulted to.

This product was created using AI and manually curated.

📩 Message me for a free installation guide – available in English, German, Spanish, and Portuguese for Windows, Mac, and Linux. @digipicshop";"https://raw.githubusercontent.com/Susderk/mockup-uploads/main/mockups/2026-07-22/Neon%20Harvest%20Dusk/1.png";"https://raw.githubusercontent.com/Susderk/mockup-uploads/main/mockups/2026-07-22/Neon%20Harvest%20Dusk/2.png, https://raw.githubusercontent.com/Susderk/mockup-uploads/main/mockups/2026-07-22/Neon%20Harvest%20Dusk/3.png, https://raw.githubusercontent.com/Susderk/mockup-uploads/main/mockups/2026-07-22/Neon%20Harvest%20Dusk/4.png";"999"
"DPS-WP-20260722-0155-003";"https://raw.githubusercontent.com/Susderk/mockup-uploads/main/mockups/2026-07-22/Dune%20Twilight/Dune_Twilight.mp4";"Desert Dunes Wallpaper | Twilight Lavender Peach 4K";"2,99";"https://digipicshopdesigns.etsy.com/de/listing/4541790391";"in stock";"new";"Out of dozens of generated variations, this scene made it through for one reason: the light feels right. Rolling sand dunes caught in the last breath of twilight — lavender bleeding into warm peach, the horizon soft and wide. The color temperature, the depth, the moment of stillness — it works whether you're deep in a focus session or on a video call where the background quietly says something about your taste. Handpicked for visual harmony, not just aesthetic novelty. Delivered as a crisp 4K file, ready to use.

Included: {{IMG_COUNT}} high-resolution image files, all at 4K resolution.
Use as a desktop wallpaper or virtual background for Zoom and Microsoft Teams.
How to use: download, unzip if needed, and set directly as your background — no editing required.

For those who believe the spaces we occupy — even digital ones — should be chosen, not defaulted to.

This product was created using AI and manually curated.

📩 Message me for a free installation guide – available in English, German, Spanish, and Portuguese for Windows, Mac, and Linux. @digipicshop";"https://raw.githubusercontent.com/Susderk/mockup-uploads/main/mockups/2026-07-22/Dune%20Twilight/1.png";"https://raw.githubusercontent.com/Susderk/mockup-uploads/main/mockups/2026-07-22/Dune%20Twilight/2.png, https://raw.githubusercontent.com/Susderk/mockup-uploads/main/mockups/2026-07-22/Dune%20Twilight/3.png, https://raw.githubusercontent.com/Susderk/mockup-uploads/main/mockups/2026-07-22/Dune%20Twilight/4.png";"999"
"DPS-WP-20260722-0155-004";"https://raw.githubusercontent.com/Susderk/mockup-uploads/main/mockups/2026-07-22/Humid%20Office%20Reverie/Humid_Office_Reverie.mp4";"Reception Desk Wallpaper | Dark Monochrome 4K Office";"2,99";"https://digipicshopdesigns.etsy.com/de/listing/4541790767";"in stock";"new";"Out of dozens of generated variations, this scene made it through for one reason: the light feels right. A reception desk caught at dawn — stacked folders, a warm cup of tea on the counter, rendered in deep black-and-white high contrast — the kind of image where stillness has weight. The color temperature is stripped back to monochrome, but the depth and atmosphere stay fully intact. It works whether you're deep in a focus session or on a video call where the background quietly says something about your taste. Handpicked for visual harmony, not just aesthetic novelty. Delivered as a crisp 4K file, ready to use.

What's included: {{IMG_COUNT}} high-resolution image files at 4K resolution. Use as a desktop wallpaper on any screen or as a professional Zoom or Teams background. To set as a virtual background, open your video app settings, navigate to Backgrounds, and upload the file directly.

For those who believe the spaces we occupy — even digital ones — should be chosen, not defaulted to.

This product was created using AI and manually curated.

📩 Message me for a free installation guide – available in English, German, Spanish, and Portuguese for Windows, Mac, and Linux. @digipicshop";"https://raw.githubusercontent.com/Susderk/mockup-uploads/main/mockups/2026-07-22/Humid%20Office%20Reverie/1.png";"https://raw.githubusercontent.com/Susderk/mockup-uploads/main/mockups/2026-07-22/Humid%20Office%20Reverie/2.png, https://raw.githubusercontent.com/Susderk/mockup-uploads/main/mockups/2026-07-22/Humid%20Office%20Reverie/3.png, https://raw.githubusercontent.com/Susderk/mockup-uploads/main/mockups/2026-07-22/Humid%20Office%20Reverie/4.png";"999"
"DPS-WP-20260722-0155-005";"https://raw.githubusercontent.com/Susderk/mockup-uploads/main/mockups/2026-07-22/Neon%20Sanctuary/Neon_Sanctuary.mp4";"Synthwave Rain Wallpaper | Neon Night 4K Desktop";"2,99";"https://digipicshopdesigns.etsy.com/de/listing/4541791043";"in stock";"new";"Built for screens that mean business. The color palette pulls from digital infrastructure — the kind of visual language that shows up in server rooms, late-night coding sessions, and setups where the aesthetic is part of the workflow. Here it's refracted through wet pavement, neon glow bleeding into grayscale, and the cinematic stillness of a rain-soaked covered entrance frozen at that exact 80s-synthwave hour. High contrast, layered depth, and enough visual tension to keep things interesting without becoming noise. A background that matches the energy of the work.

This Digital Download includes {{IMG_COUNT}} high-resolution image files, all in 4K resolution. Use them as a desktop wallpaper on any device, or set one as your Zoom or Microsoft Teams virtual background to bring moody, cinematic atmosphere to every video call.

How to use: download your files, pick your favorite, and set it directly in your system display settings or your video-conferencing app's virtual background menu.

For setups where the aesthetic isn't decoration — it's signal.

This product was created using AI and manually curated.

📩 Message me for a free installation guide – available in English, German, Spanish, and Portuguese for Windows, Mac, and Linux. @digipicshop";"https://raw.githubusercontent.com/Susderk/mockup-uploads/main/mockups/2026-07-22/Neon%20Sanctuary/1.png";"https://raw.githubusercontent.com/Susderk/mockup-uploads/main/mockups/2026-07-22/Neon%20Sanctuary/2.png, https://raw.githubusercontent.com/Susderk/mockup-uploads/main/mockups/2026-07-22/Neon%20Sanctuary/3.png, https://raw.githubusercontent.com/Susderk/mockup-uploads/main/mockups/2026-07-22/Neon%20Sanctuary/4.png";"999"
"DPS-WP-20260723-0157-001";"https://raw.githubusercontent.com/Susderk/mockup-uploads/main/mockups/2026-07-23/Farmland%20Reverie/Farmland_Reverie.mp4";"Farmland Aerial Wallpaper | Moody Vintage Watercolor 4K";"2,99";"https://digipicshopdesigns.etsy.com/de/listing/4542423942";"in stock";"new";"Out of dozens of generated variations, this scene made it through for one reason: the light feels right. The color temperature — sepia-warm, fading into fog — the diagonal sweep of patchwork fields seen from above, the moment where golden hour dissolves into haze. It works whether you're deep in a focus session or on a video call where the background quietly says something about your taste. A painterly watercolor aesthetic that feels handcrafted, not generated. Handpicked for visual harmony, not just aesthetic novelty. Delivered as a crisp 4K file, ready to use.

What's included: {{IMG_COUNT}} high-resolution image files, all at 4K resolution.

Perfect as a desktop wallpaper or Zoom/Teams background. To use: download the file, set it as your desktop wallpaper or upload directly as a virtual background in Zoom or Microsoft Teams.

For those who believe the spaces we occupy — even digital ones — should be chosen, not defaulted to.

This product was created using AI and manually curated.

📩 Message me for a free installation guide – available in English, German, Spanish, and Portuguese for Windows, Mac, and Linux. @digipicshop";"https://raw.githubusercontent.com/Susderk/mockup-uploads/main/mockups/2026-07-23/Farmland%20Reverie/1.png";"https://raw.githubusercontent.com/Susderk/mockup-uploads/main/mockups/2026-07-23/Farmland%20Reverie/2.png, https://raw.githubusercontent.com/Susderk/mockup-uploads/main/mockups/2026-07-23/Farmland%20Reverie/3.png, https://raw.githubusercontent.com/Susderk/mockup-uploads/main/mockups/2026-07-23/Farmland%20Reverie/4.png";"999"
"DPS-WP-20260723-0157-002";"https://raw.githubusercontent.com/Susderk/mockup-uploads/main/mockups/2026-07-23/Midnight%20Coders/Midnight_Coders.mp4";"Developer Workspace Wallpaper | Moody Night Desk 4K";"2,99";"https://digipicshopdesigns.etsy.com/de/listing/4542424218";"in stock";"new";"Built for screens that mean business. The color palette pulls from digital infrastructure — the kind of visual language that shows up in server rooms, late-night coding sessions, and setups where the aesthetic is part of the workflow. A glowing terminal cuts through grayscale stillness, a steaming coffee mug anchors the scene, and soft moonlight drifts in from an open window above. High contrast, layered depth, and enough visual tension to keep things interesting without becoming noise. A background that matches the energy of the work.

Includes {{IMG_COUNT}} high-resolution image files at 4K resolution — ready for use as a desktop wallpaper or as a Zoom, Teams, or Google Meet virtual background. To use: download, unzip if needed, and set directly in your OS wallpaper settings or your video-call app's virtual background menu.

For setups where the aesthetic isn't decoration — it's signal.

This product was created using AI and manually curated.

📩 Message me for a free installation guide – available in English, German, Spanish, and Portuguese for Windows, Mac, and Linux. @digipicshop";"https://raw.githubusercontent.com/Susderk/mockup-uploads/main/mockups/2026-07-23/Midnight%20Coders/1.png";"https://raw.githubusercontent.com/Susderk/mockup-uploads/main/mockups/2026-07-23/Midnight%20Coders/2.png, https://raw.githubusercontent.com/Susderk/mockup-uploads/main/mockups/2026-07-23/Midnight%20Coders/3.png, https://raw.githubusercontent.com/Susderk/mockup-uploads/main/mockups/2026-07-23/Midnight%20Coders/4.png";"999"
"DPS-WP-20260723-0157-003";"https://raw.githubusercontent.com/Susderk/mockup-uploads/main/mockups/2026-07-23/Sunset%20Glass/Sunset_Glass.mp4";"Glass Meeting Room Wallpaper | Watercolor Neon City 4K";"2,99";"https://digipicshopdesigns.etsy.com/de/listing/4542424466";"in stock";"new";"Out of dozens of generated variations, this scene made it through for one reason: the light feels right. Warm sunset pastels bleed into vibrant neon accents across a glass-walled meeting room, city lights glowing beyond floor-to-ceiling windows. The color temperature, the luminous reflections dancing across polished surfaces, the dreamlike atmospheric depth — it works whether you're deep in a focus session or on a video call where the background quietly says something about your taste. Handpicked for visual harmony, not just aesthetic novelty. Delivered as a crisp 4K file, ready to use.

This Digital Download includes {{IMG_COUNT}} high-resolution image files, all at 4K resolution — optimized for desktop wallpaper and as a Zoom or Teams background. No installation needed: download, set, done.

For those who believe the spaces we occupy — even digital ones — should be chosen, not defaulted to.

This product was created using AI and manually curated.

📩 Message me for a free installation guide – available in English, German, Spanish, and Portuguese for Windows, Mac, and Linux. @digipicshop";"https://raw.githubusercontent.com/Susderk/mockup-uploads/main/mockups/2026-07-23/Sunset%20Glass/1.png";"https://raw.githubusercontent.com/Susderk/mockup-uploads/main/mockups/2026-07-23/Sunset%20Glass/2.png, https://raw.githubusercontent.com/Susderk/mockup-uploads/main/mockups/2026-07-23/Sunset%20Glass/3.png, https://raw.githubusercontent.com/Susderk/mockup-uploads/main/mockups/2026-07-23/Sunset%20Glass/4.png";"999"
"DPS-WP-20260723-0157-004";"https://raw.githubusercontent.com/Susderk/mockup-uploads/main/mockups/2026-07-23/Mangrove%20Dreams/Mangrove_Dreams.mp4";"Mangrove Wallpaper | Ethereal Pastel Rainbow 4K";"2,99";"https://digipicshopdesigns.etsy.com/de/listing/4542424744";"in stock";"new";"Out of dozens of generated variations, this scene made it through for one reason: the light feels right. The color temperature, the depth, the moment of stillness — it works whether you're deep in a focus session or on a video call where the background quietly says something about your taste. Handpicked for visual harmony, not just aesthetic novelty. Delivered as a crisp 4K file, ready to use.

Sunlit mangrove roots arch over clear turquoise water, rendered in a pastel gradient style with a neon rainbow spectrum that feels both grounded and otherworldly. The soft luminous haze and leading lines draw the eye inward — calm, dreamy, and effortlessly elegant.

This Digital Download includes {{IMG_COUNT}} high-resolution image files at 4K resolution — sized for desktop wallpaper and Zoom or Teams backgrounds. Download, set, done.

For those who believe the spaces we occupy — even digital ones — should be chosen, not defaulted to.

This product was created using AI and manually curated.

📩 Message me for a free installation guide – available in English, German, Spanish, and Portuguese for Windows, Mac, and Linux. @digipicshop";"https://raw.githubusercontent.com/Susderk/mockup-uploads/main/mockups/2026-07-23/Mangrove%20Dreams/1.png";"https://raw.githubusercontent.com/Susderk/mockup-uploads/main/mockups/2026-07-23/Mangrove%20Dreams/2.png, https://raw.githubusercontent.com/Susderk/mockup-uploads/main/mockups/2026-07-23/Mangrove%20Dreams/3.png, https://raw.githubusercontent.com/Susderk/mockup-uploads/main/mockups/2026-07-23/Mangrove%20Dreams/4.png";"999"
"DPS-WP-20260723-0157-005";"https://raw.githubusercontent.com/Susderk/mockup-uploads/main/mockups/2026-07-23/Serene%20Ripple%20Depths/Serene_Ripple_Depths.mp4";"Abstract Ripple Wallpaper | Forest Green Minimalist 4K";"2,99";"https://digipicshopdesigns.etsy.com/de/listing/4542425072";"in stock";"new";"Out of dozens of generated variations, this scene made it through for one reason: the light feels right. The color temperature, the depth, the moment of stillness — it works whether you're deep in a focus session or on a video call where the background quietly says something about your taste. A charcoal ripple pattern drifts across a smooth matte surface, grounded in forest green and warm brown, with a soft luminous glow that keeps the composition breathing. Handpicked for visual harmony, not just aesthetic novelty. Delivered as a crisp 4K file, ready to use.

This Digital Download includes {{IMG_COUNT}} high-resolution image files at 4K resolution — sized and optimized for desktop wallpaper and Zoom or Teams background use. Download, set, done.

For those who believe the spaces we occupy — even digital ones — should be chosen, not defaulted to.

This product was created using AI and manually curated.

📩 Message me for a free installation guide – available in English, German, Spanish, and Portuguese for Windows, Mac, and Linux. @digipicshop";"https://raw.githubusercontent.com/Susderk/mockup-uploads/main/mockups/2026-07-23/Serene%20Ripple%20Depths/1.png";"https://raw.githubusercontent.com/Susderk/mockup-uploads/main/mockups/2026-07-23/Serene%20Ripple%20Depths/2.png, https://raw.githubusercontent.com/Susderk/mockup-uploads/main/mockups/2026-07-23/Serene%20Ripple%20Depths/3.png, https://raw.githubusercontent.com/Susderk/mockup-uploads/main/mockups/2026-07-23/Serene%20Ripple%20Depths/4.png";"999"
"DPS-WP-20260724-0157-002";"https://raw.githubusercontent.com/Susderk/mockup-uploads/main/mockups/2026-07-24/Bridge%20to%20Serenity/Bridge_to_Serenity.mp4";"Rope Bridge Waterfall Wallpaper | Aerial 4K Teal Coral";"2,99";"https://digipicshopdesigns.etsy.com/de/listing/4543034243";"in stock";"new";"Out of dozens of generated variations, this scene made it through for one reason: the light feels right. The color temperature, the depth, the moment of stillness — it works whether you're deep in a focus session or on a video call where the background quietly says something about your taste. An aerial view of a rope bridge suspended over a cascading waterfall, rendered in muted teal and coral with soft atmospheric haze and an open horizon. Handpicked for visual harmony, not just aesthetic novelty. Delivered as a crisp 4K file, ready to use.

Includes {{IMG_COUNT}} high-resolution image files at 4K resolution — sized for desktop wallpaper and Zoom or Teams video call backgrounds. To use: download, set as your desktop background or upload directly to your video conferencing app.

For those who believe the spaces we occupy — even digital ones — should be chosen, not defaulted to.

This product was created using AI and manually curated.

📩 Message me for a free installation guide – available in English, German, Spanish, and Portuguese for Windows, Mac, and Linux. @digipicshop";"https://raw.githubusercontent.com/Susderk/mockup-uploads/main/mockups/2026-07-24/Bridge%20to%20Serenity/1.png";"https://raw.githubusercontent.com/Susderk/mockup-uploads/main/mockups/2026-07-24/Bridge%20to%20Serenity/2.png, https://raw.githubusercontent.com/Susderk/mockup-uploads/main/mockups/2026-07-24/Bridge%20to%20Serenity/3.png, https://raw.githubusercontent.com/Susderk/mockup-uploads/main/mockups/2026-07-24/Bridge%20to%20Serenity/4.png";"999"
"DPS-WP-20260724-0157-003";"https://raw.githubusercontent.com/Susderk/mockup-uploads/main/mockups/2026-07-24/Neon%20Nights%20in%20Ochre/Neon_Nights_in_Ochre.mp4";"Synthwave City Night Wallpaper | Neon Aerial 4K";"2,99";"https://digipicshopdesigns.etsy.com/de/listing/4543048114";"in stock";"new";"Built for screens that mean business. The color palette pulls from digital infrastructure — the kind of visual language that shows up in server rooms, late-night coding sessions, and setups where the aesthetic is part of the workflow. Here it's filtered through an aerial city view: wet pavement catching neon glow, ochre and sage bleeding into rain-slicked asphalt, the whole scene suspended somewhere between retro and atmospheric. High contrast, layered depth, and enough visual tension to keep things interesting without becoming noise. A background that matches the energy of the work.

Includes {{IMG_COUNT}} high-resolution image files at 4K resolution — sharp and ready for any screen size. Works as a desktop wallpaper or as a Zoom or Teams virtual background. Download instantly, drop into your wallpaper or video-call settings, done.

For setups where the aesthetic isn't decoration — it's signal.

This product was created using AI and manually curated.

📩 Message me for a free installation guide – available in English, German, Spanish, and Portuguese for Windows, Mac, and Linux. @digipicshop";"https://raw.githubusercontent.com/Susderk/mockup-uploads/main/mockups/2026-07-24/Neon%20Nights%20in%20Ochre/1.png";"https://raw.githubusercontent.com/Susderk/mockup-uploads/main/mockups/2026-07-24/Neon%20Nights%20in%20Ochre/2.png, https://raw.githubusercontent.com/Susderk/mockup-uploads/main/mockups/2026-07-24/Neon%20Nights%20in%20Ochre/3.png, https://raw.githubusercontent.com/Susderk/mockup-uploads/main/mockups/2026-07-24/Neon%20Nights%20in%20Ochre/4.png";"999"
"DPS-WP-20260724-0157-004";"https://raw.githubusercontent.com/Susderk/mockup-uploads/main/mockups/2026-07-24/Golden%20Serenity/Golden_Serenity.mp4";"Tech Office Wallpaper | Pastel Gold Ethereal 4K";"2,99";"https://digipicshopdesigns.etsy.com/de/listing/4543048458";"in stock";"new";"Out of dozens of generated variations, this scene made it through for one reason: the light feels right. The color temperature, the depth, the moment of stillness — it works whether you're deep in a focus session or on a video call where the background quietly says something about your taste. An open-plan tech office bathed in natural luminous light, rendered in a pastel gradient style with a gold and ivory palette. The soft atmospheric depth and diagonal framing give it presence without visual noise. Handpicked for visual harmony, not just aesthetic novelty. Delivered as a crisp 4K file, ready to use.

Includes {{IMG_COUNT}} high-resolution image files at 4K resolution. Use as a desktop wallpaper, virtual Zoom or Teams background, or screen backdrop for any device. To set as a Zoom background: open Zoom Settings → Virtual Background → upload the file.

For those who believe the spaces we occupy — even digital ones — should be chosen, not defaulted to.

This product was created using AI and manually curated.

📩 Message me for a free installation guide – available in English, German, Spanish, and Portuguese for Windows, Mac, and Linux. @digipicshop";"https://raw.githubusercontent.com/Susderk/mockup-uploads/main/mockups/2026-07-24/Golden%20Serenity/1.png";"https://raw.githubusercontent.com/Susderk/mockup-uploads/main/mockups/2026-07-24/Golden%20Serenity/2.png, https://raw.githubusercontent.com/Susderk/mockup-uploads/main/mockups/2026-07-24/Golden%20Serenity/3.png, https://raw.githubusercontent.com/Susderk/mockup-uploads/main/mockups/2026-07-24/Golden%20Serenity/4.png";"999"
"DPS-WP-20260724-0157-005";"https://raw.githubusercontent.com/Susderk/mockup-uploads/main/mockups/2026-07-24/Vintage%20Coastal/Vintage_Coastal.mp4";"Sunset Beach Wallpaper | Dreamy Street Art 4K";"2,99";"https://digipicshopdesigns.etsy.com/de/listing/4543048776";"in stock";"new";"Out of dozens of generated variations, this scene made it through for one reason: the light feels right. A sunset beach where warm golden-hour tones melt into cool moonlit blues — rendered in a street-art aesthetic with graffiti-inspired brushwork, sepia warmth, and a dreamy shallow-focus softness that turns an ordinary background into something you actually want to look at. The color temperature, the symmetry, the luminous haze over the water — it works whether you're deep in a focus session or on a video call where the background quietly says something about your taste. Handpicked for visual harmony, not just aesthetic novelty. Delivered as a crisp 4K file, ready to use.

Includes {{IMG_COUNT}} high-resolution image files at 4K resolution. Ideal as a desktop wallpaper or Zoom / Teams background. After purchase, download instantly and set directly in your OS or video-call app — no editing needed.

For those who believe the spaces we occupy — even digital ones — should be chosen, not defaulted to.

This product was created using AI and manually curated.

📩 Message me for a free installation guide – available in English, German, Spanish, and Portuguese for Windows, Mac, and Linux. @digipicshop";"https://raw.githubusercontent.com/Susderk/mockup-uploads/main/mockups/2026-07-24/Vintage%20Coastal/1.png";"https://raw.githubusercontent.com/Susderk/mockup-uploads/main/mockups/2026-07-24/Vintage%20Coastal/2.png, https://raw.githubusercontent.com/Susderk/mockup-uploads/main/mockups/2026-07-24/Vintage%20Coastal/3.png, https://raw.githubusercontent.com/Susderk/mockup-uploads/main/mockups/2026-07-24/Vintage%20Coastal/4.png";"999"
"DPS-WP-20260725-0154-001";"https://raw.githubusercontent.com/Susderk/mockup-uploads/main/mockups/2026-07-25/Tender%20Sanctuary/Tender_Sanctuary.mp4";"Elephant Calf Wallpaper | Dreamy Pastel 4K Desktop";"2,99";"https://digipicshopdesigns.etsy.com/de/listing/4543631095";"in stock";"new";"Out of dozens of generated variations, this scene made it through for one reason: the light feels right. A young elephant calf nestled close to its mother, rendered in soft lavender and peach tones against a dark, enveloping atmosphere — the color temperature, the depth, the moment of stillness all work together. It works whether you're deep in a focus session or on a video call where the background quietly says something about your taste. Handpicked for visual harmony, not just aesthetic novelty. Delivered as a crisp 4K file, ready to use.

Included: {{IMG_COUNT}} high-resolution image files at 4K resolution, sized and optimized for both desktop wallpaper and Zoom or Teams virtual backgrounds.

How to use: Download, set as your desktop background or upload directly as a virtual meeting backdrop in Zoom, Teams, or Google Meet.

For those who believe the spaces we occupy — even digital ones — should be chosen, not defaulted to.

This product was created using AI and manually curated.

📩 Message me for a free installation guide – available in English, German, Spanish, and Portuguese for Windows, Mac, and Linux. @digipicshop";"https://raw.githubusercontent.com/Susderk/mockup-uploads/main/mockups/2026-07-25/Tender%20Sanctuary/1.png";"https://raw.githubusercontent.com/Susderk/mockup-uploads/main/mockups/2026-07-25/Tender%20Sanctuary/2.png, https://raw.githubusercontent.com/Susderk/mockup-uploads/main/mockups/2026-07-25/Tender%20Sanctuary/3.png, https://raw.githubusercontent.com/Susderk/mockup-uploads/main/mockups/2026-07-25/Tender%20Sanctuary/4.png";"999"
"DPS-WP-20260725-0154-002";"https://raw.githubusercontent.com/Susderk/mockup-uploads/main/mockups/2026-07-25/Lantern%20Festival/Lantern_Festival.mp4";"Festive Lantern Street Wallpaper | Dreamy Tropical 4K";"2,99";"https://digipicshopdesigns.etsy.com/de/listing/4543644900";"in stock";"new";"Out of dozens of generated variations, this scene made it through for one reason: the light feels right. Hanging lanterns drift across a festive street bathed in muted lavender and peach — a tropical midday haze softening every edge into something dreamlike. The S-curve composition draws the eye through layered depth, while the ethereal glow makes it feel less like a photograph and more like a memory. It works whether you're deep in a focus session or on a video call where the background quietly says something about your taste. Handpicked for visual harmony, not just aesthetic novelty. Delivered as a crisp 4K file, ready to use.

Includes {{IMG_COUNT}} high-resolution image files at 4K resolution — sized for desktop wallpaper and Zoom or Teams video call backgrounds.

How to use: set as your desktop wallpaper in your OS settings, or upload directly as a virtual background in Zoom or Microsoft Teams.

For those who believe the spaces we occupy — even digital ones — should be chosen, not defaulted to.

This product was created using AI and manually curated.

📩 Message me for a free installation guide – available in English, German, Spanish, and Portuguese for Windows, Mac, and Linux. @digipicshop";"https://raw.githubusercontent.com/Susderk/mockup-uploads/main/mockups/2026-07-25/Lantern%20Festival/1.png";"https://raw.githubusercontent.com/Susderk/mockup-uploads/main/mockups/2026-07-25/Lantern%20Festival/2.png, https://raw.githubusercontent.com/Susderk/mockup-uploads/main/mockups/2026-07-25/Lantern%20Festival/3.png, https://raw.githubusercontent.com/Susderk/mockup-uploads/main/mockups/2026-07-25/Lantern%20Festival/4.png";"999"
"DPS-WP-20260725-0154-003";"https://raw.githubusercontent.com/Susderk/mockup-uploads/main/mockups/2026-07-25/Retro%20Bay%20Vibes/Retro_Bay_Vibes.mp4";"Coastal Bay Wallpaper | Synthwave Retro 4K Desktop";"2,99";"https://digipicshopdesigns.etsy.com/de/listing/4543631579";"in stock";"new";"Some workspaces need a horizon. This coastal bay scene brings in natural light, open turquoise water, and the kind of quiet that makes focused work feel less confined. Warm sand tones and oxidized copper accents meet a deep retro-blue palette — grounding without being decorative. The kind of background that doesn't compete with what's on screen, but gives the room a different quality of air. That subtle synthwave glow and luminous haze add depth without demanding attention. Works for video calls, deep work sessions, and spaces that need to feel a little less like offices.

What's included: {{IMG_COUNT}} high-resolution image files, all in 4K resolution. Delivered as a Digital Download — no waiting, no shipping.

Use as a desktop wallpaper, Zoom background, or Microsoft Teams backdrop. Simply download, set, and done.

Made for anyone who wants their workspace to feel less like infrastructure and more like a place worth being.

This product was created using AI and manually curated.

📩 Message me for a free installation guide – available in English, German, Spanish, and Portuguese for Windows, Mac, and Linux. @digipicshop";"https://raw.githubusercontent.com/Susderk/mockup-uploads/main/mockups/2026-07-25/Retro%20Bay%20Vibes/1.png";"https://raw.githubusercontent.com/Susderk/mockup-uploads/main/mockups/2026-07-25/Retro%20Bay%20Vibes/2.png, https://raw.githubusercontent.com/Susderk/mockup-uploads/main/mockups/2026-07-25/Retro%20Bay%20Vibes/3.png, https://raw.githubusercontent.com/Susderk/mockup-uploads/main/mockups/2026-07-25/Retro%20Bay%20Vibes/4.png";"999"
"DPS-WP-20260725-0154-004";"https://raw.githubusercontent.com/Susderk/mockup-uploads/main/mockups/2026-07-25/Startup%20Reverie/Startup_Reverie.mp4";"Startup Loft Desk Wallpaper | Moody Blue Hour 4K";"2,99";"https://digipicshopdesigns.etsy.com/de/listing/4543645342";"in stock";"new";"Out of dozens of generated variations, this scene made it through for one reason: the light feels right. The color temperature, the depth, the moment of stillness — it works whether you're deep in a focus session or on a video call where the background quietly says something about your taste. A blue-hour startup loft bathed in deep purple and cyan, with a soft luminous haze and gentle vignette that frames the scene without demanding attention. Handpicked for visual harmony, not just aesthetic novelty. Delivered as a crisp 4K file, ready to use.

Included: {{IMG_COUNT}} high-resolution image files, all at 4K resolution.
Use as a desktop wallpaper or virtual background for Zoom, Teams, or Google Meet.
Simply download, set as background, and you're done.

For those who believe the spaces we occupy — even digital ones — should be chosen, not defaulted to.

This product was created using AI and manually curated.

📩 Message me for a free installation guide – available in English, German, Spanish, and Portuguese for Windows, Mac, and Linux. @digipicshop";"https://raw.githubusercontent.com/Susderk/mockup-uploads/main/mockups/2026-07-25/Startup%20Reverie/1.png";"https://raw.githubusercontent.com/Susderk/mockup-uploads/main/mockups/2026-07-25/Startup%20Reverie/2.png, https://raw.githubusercontent.com/Susderk/mockup-uploads/main/mockups/2026-07-25/Startup%20Reverie/3.png, https://raw.githubusercontent.com/Susderk/mockup-uploads/main/mockups/2026-07-25/Startup%20Reverie/4.png";"999"
"DPS-WP-20260725-0154-005";"https://raw.githubusercontent.com/Susderk/mockup-uploads/main/mockups/2026-07-25/Circuit%20Storm/Circuit_Storm.mp4";"Circuit Board Tunnel Wallpaper | Cyberpunk 4K Desktop";"2,99";"https://digipicshopdesigns.etsy.com/de/listing/4543645592";"in stock";"new";"Built for screens that mean business. The color palette pulls from digital infrastructure — the kind of visual language that shows up in server rooms, late-night coding sessions, and setups where the aesthetic is part of the workflow. A low-angle circuit board tunnel recedes into a vanishing point beneath stormy skies, framed in desaturated grays and cool metallics. High contrast, layered depth, and enough visual tension to keep things interesting without becoming noise. A background that matches the energy of the work.

Includes {{IMG_COUNT}} high-resolution image files at 4K resolution — ready to use as a desktop wallpaper or Zoom/Teams virtual background. Simply download, set as your wallpaper or virtual background, and you're done. No installation required.

For setups where the aesthetic isn't decoration — it's signal.

This product was created using AI and manually curated.

📩 Message me for a free installation guide – available in English, German, Spanish, and Portuguese for Windows, Mac, and Linux. @digipicshop";"https://raw.githubusercontent.com/Susderk/mockup-uploads/main/mockups/2026-07-25/Circuit%20Storm/1.png";"https://raw.githubusercontent.com/Susderk/mockup-uploads/main/mockups/2026-07-25/Circuit%20Storm/2.png, https://raw.githubusercontent.com/Susderk/mockup-uploads/main/mockups/2026-07-25/Circuit%20Storm/3.png, https://raw.githubusercontent.com/Susderk/mockup-uploads/main/mockups/2026-07-25/Circuit%20Storm/4.png";"999"
"DPS-WP-20260726-0158-001";"https://raw.githubusercontent.com/Susderk/mockup-uploads/main/mockups/2026-07-26/Concrete%20Dreams/Concrete_Dreams.mp4";"Concrete Texture Wallpaper | Minimal Sepia 4K Desktop";"2,99";"https://digipicshopdesigns.etsy.com/de/listing/4544158993";"in stock";"new";"Out of dozens of generated variations, this scene made it through for one reason: the light feels right. The color temperature, the depth, the moment of stillness — it works whether you're deep in a focus session or on a video call where the background quietly says something about your taste. Muted grey concrete with warm sepia undertones and soft painterly brushwork — understated enough to stay out of the way, distinctive enough to be noticed. Handpicked for visual harmony, not just aesthetic novelty. Delivered as a crisp 4K file, ready to use.

Includes {{IMG_COUNT}} high-resolution image files at 4K resolution. Use as a desktop wallpaper on any device or as a Zoom, Teams, or Google Meet virtual background. Simply download, save, and apply in your display or video-call settings.

For those who believe the spaces we occupy — even digital ones — should be chosen, not defaulted to.

This product was created using AI and manually curated.

📩 Message me for a free installation guide – available in English, German, Spanish, and Portuguese for Windows, Mac, and Linux. @digipicshop";"https://raw.githubusercontent.com/Susderk/mockup-uploads/main/mockups/2026-07-26/Concrete%20Dreams/1.png";"https://raw.githubusercontent.com/Susderk/mockup-uploads/main/mockups/2026-07-26/Concrete%20Dreams/2.png, https://raw.githubusercontent.com/Susderk/mockup-uploads/main/mockups/2026-07-26/Concrete%20Dreams/3.png, https://raw.githubusercontent.com/Susderk/mockup-uploads/main/mockups/2026-07-26/Concrete%20Dreams/4.png";"999"
"DPS-WP-20260726-0158-002";"https://raw.githubusercontent.com/Susderk/mockup-uploads/main/mockups/2026-07-26/Synthwave%20Donkey/Synthwave_Donkey.mp4";"Synthwave Donkey Wallpaper | Retro Desert 4K";"2,99";"https://digipicshopdesigns.etsy.com/de/listing/4544159243";"in stock";"new";"Out of dozens of generated variations, this scene made it through for one reason: the light feels right. The color temperature, the depth, the moment of stillness — it works whether you're deep in a focus session or on a video call where the background quietly says something about your taste. A curious donkey holds the frame with an unhurried gaze, set against a glowing desert sunset in forest green and warm amber — retro synthwave palette, cinematic mood, genuinely distinctive. Handpicked for visual harmony, not just aesthetic novelty. Delivered as a crisp 4K file, ready to use.

Includes {{IMG_COUNT}} high-resolution image files at 4K resolution. Works as a desktop wallpaper on any screen size and as a Zoom or Teams background for video calls. To use: download the file, set as wallpaper via your OS display settings, or upload directly in Zoom or Teams background options.

For those who believe the spaces we occupy — even digital ones — should be chosen, not defaulted to.

This product was created using AI and manually curated.

📩 Message me for a free installation guide – available in English, German, Spanish, and Portuguese for Windows, Mac, and Linux. @digipicshop";"https://raw.githubusercontent.com/Susderk/mockup-uploads/main/mockups/2026-07-26/Synthwave%20Donkey/1.png";"https://raw.githubusercontent.com/Susderk/mockup-uploads/main/mockups/2026-07-26/Synthwave%20Donkey/2.png, https://raw.githubusercontent.com/Susderk/mockup-uploads/main/mockups/2026-07-26/Synthwave%20Donkey/3.png, https://raw.githubusercontent.com/Susderk/mockup-uploads/main/mockups/2026-07-26/Synthwave%20Donkey/4.png";"999"
"DPS-WP-20260726-0158-003";"https://raw.githubusercontent.com/Susderk/mockup-uploads/main/mockups/2026-07-26/Ethereal%20Geometry/Ethereal_Geometry.mp4";"Pastel Geometric Wallpaper | Dreamy Lavender 4K";"2,99";"https://digipicshopdesigns.etsy.com/de/listing/4544159495";"in stock";"new";"Out of dozens of generated variations, this scene made it through for one reason: the light feels right. The color temperature, the depth, the moment of stillness — it works whether you're deep in a focus session or on a video call where the background quietly says something about your taste. Soft pastel lavender and peach tones drift through a minimalist geometric pattern, wrapped in a dreamy moonlit haze that never competes with your screen — it simply elevates the space around it. Handpicked for visual harmony, not just aesthetic novelty. Delivered as a crisp 4K file, ready to use.

Includes {{IMG_COUNT}} high-resolution image files at 4K resolution. Use as a desktop wallpaper or virtual Zoom / Teams background. Simply download, unzip, and set as your background — no editing needed.

For those who believe the spaces we occupy — even digital ones — should be chosen, not defaulted to.

This product was created using AI and manually curated.

📩 Message me for a free installation guide – available in English, German, Spanish, and Portuguese for Windows, Mac, and Linux. @digipicshop";"https://raw.githubusercontent.com/Susderk/mockup-uploads/main/mockups/2026-07-26/Ethereal%20Geometry/1.png";"https://raw.githubusercontent.com/Susderk/mockup-uploads/main/mockups/2026-07-26/Ethereal%20Geometry/2.png, https://raw.githubusercontent.com/Susderk/mockup-uploads/main/mockups/2026-07-26/Ethereal%20Geometry/3.png, https://raw.githubusercontent.com/Susderk/mockup-uploads/main/mockups/2026-07-26/Ethereal%20Geometry/4.png";"999"
"DPS-WP-20260726-0158-004";"https://raw.githubusercontent.com/Susderk/mockup-uploads/main/mockups/2026-07-26/Neon%20Salt%20Dreams/Neon_Salt_Dreams.mp4";"Salt Flat Wallpaper | Ethereal Golden Hour 4K";"2,99";"https://digipicshopdesigns.etsy.com/de/listing/4544175992";"in stock";"new";"Out of dozens of generated variations, this scene made it through for one reason: the light feels right. A mirror-still salt flat at golden hour, cloud reflections so precise the horizon disappears — rendered in soft watercolor style with grayscale gradients and quiet neon accents that glow without demanding attention. The color temperature, the depth, the moment of stillness — it works whether you're deep in a focus session or on a video call where the background quietly says something about your taste. Handpicked for visual harmony, not just aesthetic novelty. Delivered as a crisp 4K file, ready to use.

Includes {{IMG_COUNT}} high-resolution image files at 4K resolution — optimized for desktop wallpaper and as a Zoom or Teams virtual meeting background. Download, set, done.

For those who believe the spaces we occupy — even digital ones — should be chosen, not defaulted to.

This product was created using AI and manually curated.

📩 Message me for a free installation guide – available in English, German, Spanish, and Portuguese for Windows, Mac, and Linux. @digipicshop";"https://raw.githubusercontent.com/Susderk/mockup-uploads/main/mockups/2026-07-26/Neon%20Salt%20Dreams/1.png";"https://raw.githubusercontent.com/Susderk/mockup-uploads/main/mockups/2026-07-26/Neon%20Salt%20Dreams/2.png, https://raw.githubusercontent.com/Susderk/mockup-uploads/main/mockups/2026-07-26/Neon%20Salt%20Dreams/3.png, https://raw.githubusercontent.com/Susderk/mockup-uploads/main/mockups/2026-07-26/Neon%20Salt%20Dreams/4.png";"999"
"DPS-WP-20260726-0158-005";"https://raw.githubusercontent.com/Susderk/mockup-uploads/main/mockups/2026-07-26/Geometric%20Jungle/Geometric_Jungle.mp4";"Geometric Lion Wallpaper | Purple Cyan 4K Desktop";"2,99";"https://digipicshopdesigns.etsy.com/de/listing/4544176254";"in stock";"new";"Out of dozens of generated variations, this scene made it through for one reason: the light feels right. The color temperature, the depth, the moment of stillness — a geometric lion rendered in deep purple and cyan, crystalline facets catching luminous reflections, vibrant saturated tones balanced against abundant negative space. It works whether you're deep in a focus session or on a video call where the background quietly says something about your taste. Handpicked for visual harmony, not just aesthetic novelty. Delivered as a crisp 4K file, ready to use.

What's included: {{IMG_COUNT}} high-resolution image files at 4K resolution. Use them as desktop wallpaper on any device or as a Zoom, Teams, or Google Meet virtual background. To set as a Zoom background, open Zoom settings, go to Virtual Background, and upload the file directly.

For those who believe the spaces we occupy — even digital ones — should be chosen, not defaulted to.

This product was created using AI and manually curated.

📩 Message me for a free installation guide – available in English, German, Spanish, and Portuguese for Windows, Mac, and Linux. @digipicshop";"https://raw.githubusercontent.com/Susderk/mockup-uploads/main/mockups/2026-07-26/Geometric%20Jungle/1.png";"https://raw.githubusercontent.com/Susderk/mockup-uploads/main/mockups/2026-07-26/Geometric%20Jungle/2.png, https://raw.githubusercontent.com/Susderk/mockup-uploads/main/mockups/2026-07-26/Geometric%20Jungle/3.png, https://raw.githubusercontent.com/Susderk/mockup-uploads/main/mockups/2026-07-26/Geometric%20Jungle/4.png";"999"
"DPS-WP-20260727-0156-001";"https://raw.githubusercontent.com/Susderk/mockup-uploads/main/mockups/2026-07-27/Luminous%20Bay%20Refuge/Luminous_Bay_Refuge.mp4";"Sea Cave Wallpaper | Turquoise Bay Ethereal 4K";"2,99";"https://digipicshopdesigns.etsy.com/de/listing/4544649293";"in stock";"new";"Out of dozens of generated variations, this scene made it through for one reason: the light feels right. The color temperature, the depth, the moment of stillness — it works whether you're deep in a focus session or on a video call where the background quietly says something about your taste. Handpicked for visual harmony, not just aesthetic novelty. Delivered as a crisp 4K file, ready to use.

A sea cave frames a glowing turquoise bay — rippling light patterns dance across the water while soft lavender and peach tones dissolve into a luminous morning haze. Tranquil, open, and quietly breathtaking.

Included: {{IMG_COUNT}} high-resolution image files at 4K resolution — optimized for desktop wallpaper and Zoom or Teams virtual backgrounds.

How to use: Download, set as your desktop wallpaper, or upload directly to Zoom/Teams as a virtual background.

For those who believe the spaces we occupy — even digital ones — should be chosen, not defaulted to.

This product was created using AI and manually curated.

📩 Message me for a free installation guide – available in English, German, Spanish, and Portuguese for Windows, Mac, and Linux. @digipicshop";"https://raw.githubusercontent.com/Susderk/mockup-uploads/main/mockups/2026-07-27/Luminous%20Bay%20Refuge/1.png";"https://raw.githubusercontent.com/Susderk/mockup-uploads/main/mockups/2026-07-27/Luminous%20Bay%20Refuge/2.png, https://raw.githubusercontent.com/Susderk/mockup-uploads/main/mockups/2026-07-27/Luminous%20Bay%20Refuge/3.png, https://raw.githubusercontent.com/Susderk/mockup-uploads/main/mockups/2026-07-27/Luminous%20Bay%20Refuge/4.png";"999"
"DPS-WP-20260727-0156-002";"https://raw.githubusercontent.com/Susderk/mockup-uploads/main/mockups/2026-07-27/Curious%20Llama%20Gaze/Curious_Llama_Gaze.mp4";"Geometric Llama Wallpaper | Low Poly Sunset 4K";"2,99";"https://digipicshopdesigns.etsy.com/de/listing/4544665206";"in stock";"new";"Out of dozens of generated variations, this scene made it through for one reason: the light feels right. The color temperature, the depth, the moment of stillness — it works whether you're deep in a focus session or on a video call where the background quietly says something about your taste. A curious low-poly llama rendered in faceted geometric forms, bathed in peachy oranges and soft golds of a golden-hour sunset, brings a playful yet polished energy to any screen. Handpicked for visual harmony, not just aesthetic novelty. Delivered as a crisp 4K file, ready to use.

Includes {{IMG_COUNT}} high-resolution image files at 4K resolution. Works beautifully as a desktop wallpaper on any device, or as a Zoom, Teams, or Google Meet virtual background. To use: download the file, set as wallpaper in your system settings, or upload directly in your video-call app's background settings.

For those who believe the spaces we occupy — even digital ones — should be chosen, not defaulted to.

This product was created using AI and manually curated.

📩 Message me for a free installation guide – available in English, German, Spanish, and Portuguese for Windows, Mac, and Linux. @digipicshop";"https://raw.githubusercontent.com/Susderk/mockup-uploads/main/mockups/2026-07-27/Curious%20Llama%20Gaze/1.png";"https://raw.githubusercontent.com/Susderk/mockup-uploads/main/mockups/2026-07-27/Curious%20Llama%20Gaze/2.png, https://raw.githubusercontent.com/Susderk/mockup-uploads/main/mockups/2026-07-27/Curious%20Llama%20Gaze/3.png, https://raw.githubusercontent.com/Susderk/mockup-uploads/main/mockups/2026-07-27/Curious%20Llama%20Gaze/4.png";"999"
"DPS-WP-20260727-0156-003";"https://raw.githubusercontent.com/Susderk/mockup-uploads/main/mockups/2026-07-27/Jungle%20Cave%20Oasis/Jungle_Cave_Oasis.mp4";"Jungle Cave Waterfall Wallpaper | Ethereal Lavender 4K";"2,99";"https://digipicshopdesigns.etsy.com/de/listing/4544665464";"in stock";"new";"Some workspaces need a horizon. This scene brings in natural light, open distance, and the kind of quiet that makes focused work feel less confined. A hidden waterfall tucked inside a lush jungle cave, rendered in muted lavender and peach tones with layered mist drifting through the frame — it's grounding without being decorative. The kind of background that doesn't compete with what's on screen, but gives the room a different quality of air. Works for video calls, deep work sessions, and spaces that need to feel a little less like offices.

Includes {{IMG_COUNT}} high-resolution image files at 4K resolution. Delivered as an instant Digital Download — no waiting, no shipping.

Use as a desktop wallpaper on any device, or drop it directly into Zoom, Teams, or Google Meet as a virtual background. Download, set, done.

Made for anyone who wants their workspace to feel less like infrastructure and more like a place worth being.

This product was created using AI and manually curated.

📩 Message me for a free installation guide – available in English, German, Spanish, and Portuguese for Windows, Mac, and Linux. @digipicshop";"https://raw.githubusercontent.com/Susderk/mockup-uploads/main/mockups/2026-07-27/Jungle%20Cave%20Oasis/1.png";"https://raw.githubusercontent.com/Susderk/mockup-uploads/main/mockups/2026-07-27/Jungle%20Cave%20Oasis/2.png, https://raw.githubusercontent.com/Susderk/mockup-uploads/main/mockups/2026-07-27/Jungle%20Cave%20Oasis/3.png, https://raw.githubusercontent.com/Susderk/mockup-uploads/main/mockups/2026-07-27/Jungle%20Cave%20Oasis/4.png";"999"
"DPS-WP-20260727-0156-004";"https://raw.githubusercontent.com/Susderk/mockup-uploads/main/mockups/2026-07-27/Violet%20Ruins%20Dream/Violet_Ruins_Dream.mp4";"Abandoned Park Wallpaper | Moody Watercolor 4K";"2,99";"https://digipicshopdesigns.etsy.com/de/listing/4544650075";"in stock";"new";"Out of dozens of generated variations, this scene made it through for one reason: the light feels right. The color temperature, the depth, the moment of stillness — it works whether you're deep in a focus session or on a video call where the background quietly says something about your taste. An overgrown abandoned amusement park, reclaimed by vines and fog, rendered in expressive watercolor brushwork with deep purple and cyan accents. The tunnel's vanishing point pulls the eye inward — dreamlike, moody, and completely still. Handpicked for visual harmony, not just aesthetic novelty. Delivered as a crisp 4K file, ready to use.

Includes {{IMG_COUNT}} high-resolution image files at 4K resolution. Use as a desktop wallpaper or virtual Zoom / Teams background. Simply download, unzip, and set your preferred file as your background.

For those who believe the spaces we occupy — even digital ones — should be chosen, not defaulted to.

This product was created using AI and manually curated.

📩 Message me for a free installation guide – available in English, German, Spanish, and Portuguese for Windows, Mac, and Linux. @digipicshop";"https://raw.githubusercontent.com/Susderk/mockup-uploads/main/mockups/2026-07-27/Violet%20Ruins%20Dream/1.png";"https://raw.githubusercontent.com/Susderk/mockup-uploads/main/mockups/2026-07-27/Violet%20Ruins%20Dream/2.png, https://raw.githubusercontent.com/Susderk/mockup-uploads/main/mockups/2026-07-27/Violet%20Ruins%20Dream/3.png, https://raw.githubusercontent.com/Susderk/mockup-uploads/main/mockups/2026-07-27/Violet%20Ruins%20Dream/4.png";"999"
"DPS-WP-20260727-0156-005";"https://raw.githubusercontent.com/Susderk/mockup-uploads/main/mockups/2026-07-27/Tidal%20Serenity/Tidal_Serenity.mp4";"Tidal Estuary Wallpaper | Moody Purple Cyan 4K";"2,99";"https://digipicshopdesigns.etsy.com/de/listing/4544665954";"in stock";"new";"Out of dozens of generated variations, this scene made it through for one reason: the light feels right. The color temperature, the depth, the moment of stillness — it works whether you're deep in a focus session or on a video call where the background quietly says something about your taste. Handpicked for visual harmony, not just aesthetic novelty. Delivered as a crisp 4K file, ready to use.

This set includes {{IMG_COUNT}} high-resolution image files at 4K resolution, featuring a tidal estuary at low tide — a mirrored sky in deep purple and cyan, wading birds in silhouette, and a panoramic autumn stillness that holds attention without demanding it.

Use as a desktop wallpaper, virtual meeting backdrop for Zoom or Teams, or lock screen. Download, unzip, set — no editing required.

For those who believe the spaces we occupy — even digital ones — should be chosen, not defaulted to.

This product was created using AI and manually curated.

📩 Message me for a free installation guide – available in English, German, Spanish, and Portuguese for Windows, Mac, and Linux. @digipicshop";"https://raw.githubusercontent.com/Susderk/mockup-uploads/main/mockups/2026-07-27/Tidal%20Serenity/1.png";"https://raw.githubusercontent.com/Susderk/mockup-uploads/main/mockups/2026-07-27/Tidal%20Serenity/2.png, https://raw.githubusercontent.com/Susderk/mockup-uploads/main/mockups/2026-07-27/Tidal%20Serenity/3.png, https://raw.githubusercontent.com/Susderk/mockup-uploads/main/mockups/2026-07-27/Tidal%20Serenity/4.png";"999"
"DPS-WP-20260728-0157-001";"https://raw.githubusercontent.com/Susderk/mockup-uploads/main/mockups/2026-07-28/Alpine%20Mirror/Alpine_Mirror.mp4";"Alpine Lake Wallpaper | Ethereal Dawn Mirror 4K";"2,99";"https://digipicshopdesigns.etsy.com/de/listing/4545277433";"in stock";"new";"Out of dozens of generated variations, this scene made it through for one reason: the light feels right. The color temperature, the depth, the moment of stillness — it works whether you're deep in a focus session or on a video call where the background quietly says something about your taste. Alpenglow peaks dissolving into soft mist, perfectly mirrored in a glassy mountain lake at dawn — a composition built on stillness and natural symmetry. Handpicked for visual harmony, not just aesthetic novelty. Delivered as a crisp 4K file, ready to use.

Included: {{IMG_COUNT}} high-resolution image files at 4K resolution. Use as a desktop wallpaper, or set as your Zoom or Microsoft Teams background for a calm, professional look. Simply download, unzip, and apply.

For those who believe the spaces we occupy — even digital ones — should be chosen, not defaulted to.

This product was created using AI and manually curated.

📩 Message me for a free installation guide – available in English, German, Spanish, and Portuguese for Windows, Mac, and Linux. @digipicshop";"https://raw.githubusercontent.com/Susderk/mockup-uploads/main/mockups/2026-07-28/Alpine%20Mirror/1.png";"https://raw.githubusercontent.com/Susderk/mockup-uploads/main/mockups/2026-07-28/Alpine%20Mirror/2.png, https://raw.githubusercontent.com/Susderk/mockup-uploads/main/mockups/2026-07-28/Alpine%20Mirror/3.png, https://raw.githubusercontent.com/Susderk/mockup-uploads/main/mockups/2026-07-28/Alpine%20Mirror/4.png";"999"
"DPS-WP-20260728-0157-002";"https://raw.githubusercontent.com/Susderk/mockup-uploads/main/mockups/2026-07-28/Neon%20Specimen/Neon_Specimen.mp4";"Geometric Lab Wallpaper | Dark Minimalist 4K Desktop";"2,99";"https://digipicshopdesigns.etsy.com/de/listing/4545277805";"in stock";"new";"Out of dozens of generated variations, this scene made it through for one reason: the light feels right. The color temperature, the depth, the moment of stillness — it works whether you're deep in a focus session or on a video call where the background quietly says something about your taste. A low-poly geometric microscope slide glows against a dark laboratory bench — forest green and rich brown grounded by sharp neon accents. Abstract facets catch the light at precise angles, giving the composition a controlled tension that reads as focused, not loud. Handpicked for visual harmony, not just aesthetic novelty. Delivered as a crisp 4K file, ready to use.

Included: {{IMG_COUNT}} high-resolution image files, all at 4K resolution. Use as a desktop wallpaper or virtual Zoom / Teams meeting background. Download, unzip, set as background — done.

For those who believe the spaces we occupy — even digital ones — should be chosen, not defaulted to.

This product was created using AI and manually curated.

📩 Message me for a free installation guide – available in English, German, Spanish, and Portuguese for Windows, Mac, and Linux. @digipicshop";"https://raw.githubusercontent.com/Susderk/mockup-uploads/main/mockups/2026-07-28/Neon%20Specimen/1.png";"https://raw.githubusercontent.com/Susderk/mockup-uploads/main/mockups/2026-07-28/Neon%20Specimen/2.png, https://raw.githubusercontent.com/Susderk/mockup-uploads/main/mockups/2026-07-28/Neon%20Specimen/3.png, https://raw.githubusercontent.com/Susderk/mockup-uploads/main/mockups/2026-07-28/Neon%20Specimen/4.png";"999"
"DPS-WP-20260728-0157-003";"https://raw.githubusercontent.com/Susderk/mockup-uploads/main/mockups/2026-07-28/Autumn%20Lake%20Serenity/Autumn_Lake_Serenity.mp4";"Autumn Lake Wallpaper | Painterly Watercolor 4K";"2,99";"https://digipicshopdesigns.etsy.com/de/listing/4545295818";"in stock";"new";"Out of dozens of generated variations, this scene made it through for one reason: the light feels right. The color temperature, the depth, the moment of stillness — a serene autumn lake wrapped in golden and crimson foliage, rendered in a soft painterly watercolor style where the motif gently dissolves into a dreamy haze. It works whether you're deep in a focus session or on a video call where the background quietly says something about your taste. Handpicked for visual harmony, not just aesthetic novelty. Delivered as a crisp 4K file, ready to use.

Included in this Digital Download:
— {{IMG_COUNT}} high-resolution image files
— 4K resolution, optimized for desktop wallpaper and Zoom / Teams backgrounds

How to use: Download, set as your desktop background or upload directly into Zoom or Microsoft Teams as a virtual background.

For those who believe the spaces we occupy — even digital ones — should be chosen, not defaulted to.

This product was created using AI and manually curated.

📩 Message me for a free installation guide – available in English, German, Spanish, and Portuguese for Windows, Mac, and Linux. @digipicshop";"https://raw.githubusercontent.com/Susderk/mockup-uploads/main/mockups/2026-07-28/Autumn%20Lake%20Serenity/1.png";"https://raw.githubusercontent.com/Susderk/mockup-uploads/main/mockups/2026-07-28/Autumn%20Lake%20Serenity/2.png, https://raw.githubusercontent.com/Susderk/mockup-uploads/main/mockups/2026-07-28/Autumn%20Lake%20Serenity/3.png, https://raw.githubusercontent.com/Susderk/mockup-uploads/main/mockups/2026-07-28/Autumn%20Lake%20Serenity/4.png";"999"
"DPS-WP-20260728-0157-004";"https://raw.githubusercontent.com/Susderk/mockup-uploads/main/mockups/2026-07-28/Lab%20Aurora/Lab_Aurora.mp4";"Research Lab Wallpaper | Ethereal Teal Watercolor 4K";"2,99";"https://digipicshopdesigns.etsy.com/de/listing/4545296164";"in stock";"new";"Out of dozens of generated variations, this scene made it through for one reason: the light feels right. The color temperature, the depth, the moment of stillness — it works whether you're deep in a focus session or on a video call where the background quietly says something about your taste. A mystical laboratory at dawn, rendered in soft watercolor brushwork with muted teal and coral tones, atmospheric haze diffusing the space into something between science and dream. Handpicked for visual harmony, not just aesthetic novelty. Delivered as a crisp 4K file, ready to use.

What's included: {{IMG_COUNT}} high-resolution image files, all at 4K resolution — sized for desktop wallpaper and Zoom or Teams video backgrounds.

How to use: Download, set as your desktop wallpaper or upload directly into Zoom or Microsoft Teams as a virtual background.

For those who believe the spaces we occupy — even digital ones — should be chosen, not defaulted to.

This product was created using AI and manually curated.

📩 Message me for a free installation guide – available in English, German, Spanish, and Portuguese for Windows, Mac, and Linux. @digipicshop";"https://raw.githubusercontent.com/Susderk/mockup-uploads/main/mockups/2026-07-28/Lab%20Aurora/1.png";"https://raw.githubusercontent.com/Susderk/mockup-uploads/main/mockups/2026-07-28/Lab%20Aurora/2.png, https://raw.githubusercontent.com/Susderk/mockup-uploads/main/mockups/2026-07-28/Lab%20Aurora/3.png, https://raw.githubusercontent.com/Susderk/mockup-uploads/main/mockups/2026-07-28/Lab%20Aurora/4.png";"999"
"DPS-WP-20260728-0157-005";"https://raw.githubusercontent.com/Susderk/mockup-uploads/main/mockups/2026-07-28/Jungle%20Cascade/Jungle_Cascade.mp4";"Tropical Waterfall Wallpaper | Black White Jungle 4K";"2,99";"https://digipicshopdesigns.etsy.com/de/listing/4545278849";"in stock";"new";"Some workspaces need a horizon. This black and white waterfall scene draws the eye inward through a natural jungle tunnel — dense foliage framing cascading water, mist diffusing the midground, wet rocks catching dramatic shadow and light. The high contrast monochrome palette gives it weight without color noise, grounding without decoration. It's the kind of background that doesn't compete with what's on screen, but gives the room a different quality of air. Works for video calls, deep work sessions, and spaces that need to feel a little less like offices.

Included: {{IMG_COUNT}} high-resolution image files, all in 4K resolution. Suitable as a desktop wallpaper and as a Zoom or Microsoft Teams virtual background. No physical item is shipped — this is a digital download.

How to use: Download, unzip if needed, and set as your desktop or upload directly to your video call platform's virtual background settings.

Made for anyone who wants their workspace to feel less like infrastructure and more like a place worth being.

This product was created using AI and manually curated.

📩 Message me for a free installation guide – available in English, German, Spanish, and Portuguese for Windows, Mac, and Linux. @digipicshop";"https://raw.githubusercontent.com/Susderk/mockup-uploads/main/mockups/2026-07-28/Jungle%20Cascade/1.png";"https://raw.githubusercontent.com/Susderk/mockup-uploads/main/mockups/2026-07-28/Jungle%20Cascade/2.png, https://raw.githubusercontent.com/Susderk/mockup-uploads/main/mockups/2026-07-28/Jungle%20Cascade/3.png, https://raw.githubusercontent.com/Susderk/mockup-uploads/main/mockups/2026-07-28/Jungle%20Cascade/4.png";"999"
"DPS-WP-20260729-0157-001";"https://raw.githubusercontent.com/Susderk/mockup-uploads/main/mockups/2026-07-29/Equation%20Hour/Equation_Hour.mp4";"Low-Poly Geometric Wallpaper | Abstract Dreamy 4K";"2,99";"https://digipicshopdesigns.etsy.com/de/listing/4545950726";"in stock";"new";"Out of dozens of generated variations, this scene made it through for one reason: the light feels right. The color temperature, the depth, the moment of stillness — it works whether you're deep in a focus session or on a video call where the background quietly says something about your taste. Handpicked for visual harmony, not just aesthetic novelty. Delivered as a crisp 4K file, ready to use.

A low-poly geometric composition built around muted lavender and warm peach tones, with a soft tunnel perspective that draws the eye inward. The chalkboard-inspired surface gives it texture and quiet nostalgia, while the dreamy blue-hour palette keeps it firmly modern.

What's included: {{IMG_COUNT}} high-resolution image files, all in 4K resolution — optimized for desktop wallpaper and Zoom or Teams backgrounds.

How to use: Download, set as your desktop background or upload directly as a virtual meeting backdrop in Zoom, Teams, or Meet.

For those who believe the spaces we occupy — even digital ones — should be chosen, not defaulted to.

This product was created using AI and manually curated.

📩 Message me for a free installation guide – available in English, German, Spanish, and Portuguese for Windows, Mac, and Linux. @digipicshop";"https://raw.githubusercontent.com/Susderk/mockup-uploads/main/mockups/2026-07-29/Equation%20Hour/1.png";"https://raw.githubusercontent.com/Susderk/mockup-uploads/main/mockups/2026-07-29/Equation%20Hour/2.png, https://raw.githubusercontent.com/Susderk/mockup-uploads/main/mockups/2026-07-29/Equation%20Hour/3.png, https://raw.githubusercontent.com/Susderk/mockup-uploads/main/mockups/2026-07-29/Equation%20Hour/4.png";"999"
"DPS-WP-20260729-0157-002";"https://raw.githubusercontent.com/Susderk/mockup-uploads/main/mockups/2026-07-29/Temple%20in%20Gold/Temple_in_Gold.mp4";"Jungle Temple Wallpaper | Mystical Gold 4K Desktop";"2,99";"https://digipicshopdesigns.etsy.com/de/listing/4545951016";"in stock";"new";"Out of dozens of generated variations, this scene made it through for one reason: the light feels right. The color temperature, the depth, the moment of stillness — it works whether you're deep in a focus session or on a video call where the background quietly says something about your taste. Handpicked for visual harmony, not just aesthetic novelty. Delivered as a crisp 4K file, ready to use.

Ancient stone architecture draped in moss and vines, warm golden light spilling across weathered surfaces, a palette of gold and ivory that feels both luxurious and timeless. The jungle presses in from every side, yet the scene holds a deep stillness.

Includes {{IMG_COUNT}} high-resolution image files at 4K resolution — sized for desktop wallpaper and Zoom or Teams backgrounds. Download, set, done.

For those who believe the spaces we occupy — even digital ones — should be chosen, not defaulted to.

This product was created using AI and manually curated.

📩 Message me for a free installation guide – available in English, German, Spanish, and Portuguese for Windows, Mac, and Linux. @digipicshop";"https://raw.githubusercontent.com/Susderk/mockup-uploads/main/mockups/2026-07-29/Temple%20in%20Gold/1.png";"https://raw.githubusercontent.com/Susderk/mockup-uploads/main/mockups/2026-07-29/Temple%20in%20Gold/2.png, https://raw.githubusercontent.com/Susderk/mockup-uploads/main/mockups/2026-07-29/Temple%20in%20Gold/3.png, https://raw.githubusercontent.com/Susderk/mockup-uploads/main/mockups/2026-07-29/Temple%20in%20Gold/4.png";"999"
"DPS-WP-20260729-0157-003";"https://raw.githubusercontent.com/Susderk/mockup-uploads/main/mockups/2026-07-29/Moonlit%20Crevasse/Moonlit_Crevasse.mp4";"Glacial Low-Poly Wallpaper | Moonlit Geometric 4K";"2,99";"https://digipicshopdesigns.etsy.com/de/listing/4545951300";"in stock";"new";"Out of dozens of generated variations, this scene made it through for one reason: the light feels right. The color temperature, the depth, the moment of stillness — it works whether you're deep in a focus session or on a video call where the background quietly says something about your taste. A high-contrast black-and-white glacier rendered in sharp low-poly geometry, layered with moonlit mist and crystalline angular formations. Handpicked for visual harmony, not just aesthetic novelty. Delivered as a crisp 4K file, ready to use.

Includes {{IMG_COUNT}} high-resolution image files at 4K resolution. Suitable for desktop wallpaper and as a Zoom or Teams background. To use: download, set as wallpaper via your OS display settings, or upload directly as a virtual background in Zoom or Teams.

For those who believe the spaces we occupy — even digital ones — should be chosen, not defaulted to.

This product was created using AI and manually curated.

📩 Message me for a free installation guide – available in English, German, Spanish, and Portuguese for Windows, Mac, and Linux. @digipicshop";"https://raw.githubusercontent.com/Susderk/mockup-uploads/main/mockups/2026-07-29/Moonlit%20Crevasse/1.png";"https://raw.githubusercontent.com/Susderk/mockup-uploads/main/mockups/2026-07-29/Moonlit%20Crevasse/2.png, https://raw.githubusercontent.com/Susderk/mockup-uploads/main/mockups/2026-07-29/Moonlit%20Crevasse/3.png, https://raw.githubusercontent.com/Susderk/mockup-uploads/main/mockups/2026-07-29/Moonlit%20Crevasse/4.png";"999"
"DPS-WP-20260729-0157-004";"https://raw.githubusercontent.com/Susderk/mockup-uploads/main/mockups/2026-07-29/Neon%20Bamboo%20Dreams/Neon_Bamboo_Dreams.mp4";"Bamboo Forest Wallpaper | Dreamy Pastel 4K Desktop";"2,99";"https://digipicshopdesigns.etsy.com/de/listing/4545951588";"in stock";"new";"Out of dozens of generated variations, this scene made it through for one reason: the light feels right. The color temperature, the depth, the moment of stillness — it works whether you're deep in a focus session or on a video call where the background quietly says something about your taste. A dense bamboo forest dissolves into pastel rainbow gradients and golden-hour glow, with soft bokeh and an ethereal mist that makes the whole scene feel painted rather than rendered. Handpicked for visual harmony, not just aesthetic novelty. Delivered as a crisp 4K file, ready to use.

Includes {{IMG_COUNT}} high-resolution image files at 4K resolution — sized for desktop wallpaper and virtual meeting backgrounds (Zoom, Teams, Google Meet).

How to use: download, set as your desktop wallpaper or upload directly as a Zoom or Teams virtual background.

For those who believe the spaces we occupy — even digital ones — should be chosen, not defaulted to.

This product was created using AI and manually curated.

📩 Message me for a free installation guide – available in English, German, Spanish, and Portuguese for Windows, Mac, and Linux. @digipicshop";"https://raw.githubusercontent.com/Susderk/mockup-uploads/main/mockups/2026-07-29/Neon%20Bamboo%20Dreams/1.png";"https://raw.githubusercontent.com/Susderk/mockup-uploads/main/mockups/2026-07-29/Neon%20Bamboo%20Dreams/2.png, https://raw.githubusercontent.com/Susderk/mockup-uploads/main/mockups/2026-07-29/Neon%20Bamboo%20Dreams/3.png, https://raw.githubusercontent.com/Susderk/mockup-uploads/main/mockups/2026-07-29/Neon%20Bamboo%20Dreams/4.png";"999"
"DPS-WP-20260729-0157-005";"https://raw.githubusercontent.com/Susderk/mockup-uploads/main/mockups/2026-07-29/Neon%20Citrus%20Dawn/Neon_Citrus_Dawn.mp4";"Mediterranean Terrace Wallpaper | Warm Sunrise 4K";"2,99";"https://digipicshopdesigns.etsy.com/de/listing/4545935703";"in stock";"new";"Out of dozens of generated variations, this scene made it through for one reason: the light feels right. The color temperature, the depth, the moment of stillness — it works whether you're deep in a focus session or on a video call where the background quietly says something about your taste. Warm stone walls, citrus trees catching early morning light, and that particular golden haze of a Mediterranean sunrise — handpicked for visual harmony, not just aesthetic novelty. Delivered as a crisp 4K file, ready to use.

What's included: {{IMG_COUNT}} high-resolution image files at 4K resolution.

Use as a desktop wallpaper or Zoom / Teams virtual background. To apply: download the file, set it as your desktop background or upload directly into your video call app's virtual background settings.

For those who believe the spaces we occupy — even digital ones — should be chosen, not defaulted to.

This product was created using AI and manually curated.

📩 Message me for a free installation guide – available in English, German, Spanish, and Portuguese for Windows, Mac, and Linux. @digipicshop";"https://raw.githubusercontent.com/Susderk/mockup-uploads/main/mockups/2026-07-29/Neon%20Citrus%20Dawn/1.png";"https://raw.githubusercontent.com/Susderk/mockup-uploads/main/mockups/2026-07-29/Neon%20Citrus%20Dawn/2.png, https://raw.githubusercontent.com/Susderk/mockup-uploads/main/mockups/2026-07-29/Neon%20Citrus%20Dawn/3.png, https://raw.githubusercontent.com/Susderk/mockup-uploads/main/mockups/2026-07-29/Neon%20Citrus%20Dawn/4.png";"999"
"DPS-WP-20260730-0157-001";"https://raw.githubusercontent.com/Susderk/mockup-uploads/main/mockups/2026-07-30/Neon%20Launch%20Bay/Neon_Launch_Bay.mp4";"Low-Poly Spaceport Wallpaper | Geometric Sci-Fi 4K";"2,99";"https://digipicshopdesigns.etsy.com/de/listing/4546565611";"in stock";"new";"Built for screens that mean business. The color palette pulls from digital infrastructure — teal control panels, coral neon flares, and the geometric precision of a low-poly spaceport launch bay where every surface reflects a little of everything around it. High contrast, layered depth, and enough visual tension to keep things interesting without becoming noise. A background that matches the energy of the work.

Includes {{IMG_COUNT}} high-resolution image files at 4K resolution — crisp and ready across ultrawide monitors, standard displays, and laptop screens.

Use as a desktop wallpaper or drop it straight into Zoom, Teams, or Google Meet as a virtual background. No setup required — download, set, done.

For setups where the aesthetic isn't decoration — it's signal.

This product was created using AI and manually curated.

📩 Message me for a free installation guide – available in English, German, Spanish, and Portuguese for Windows, Mac, and Linux. @digipicshop";"https://raw.githubusercontent.com/Susderk/mockup-uploads/main/mockups/2026-07-30/Neon%20Launch%20Bay/1.png";"https://raw.githubusercontent.com/Susderk/mockup-uploads/main/mockups/2026-07-30/Neon%20Launch%20Bay/2.png, https://raw.githubusercontent.com/Susderk/mockup-uploads/main/mockups/2026-07-30/Neon%20Launch%20Bay/3.png, https://raw.githubusercontent.com/Susderk/mockup-uploads/main/mockups/2026-07-30/Neon%20Launch%20Bay/4.png";"999"
"DPS-WP-20260730-0157-002";"https://raw.githubusercontent.com/Susderk/mockup-uploads/main/mockups/2026-07-30/Golden%20Hour/Golden_Hour.mp4";"Boardroom Wallpaper | Moody Watercolor 4K Desktop";"2,99";"https://digipicshopdesigns.etsy.com/de/listing/4546565925";"in stock";"new";"Out of dozens of generated variations, this scene made it through for one reason: the light feels right. The color temperature, the depth, the moment of stillness — it works whether you're deep in a focus session or on a video call where the background quietly says something about your taste. A single pendant lamp over an elegant boardroom table, rendered in painterly black and white watercolor with soft feathered edges and dramatic shadow play. Handpicked for visual harmony, not just aesthetic novelty. Delivered as a crisp 4K file, ready to use.

Includes {{IMG_COUNT}} high-resolution image files at 4K resolution — sized for desktop wallpaper and virtual meeting backgrounds (Zoom, Microsoft Teams).

How to use: download, set as your desktop wallpaper or upload directly as a custom Zoom or Teams background.

For those who believe the spaces we occupy — even digital ones — should be chosen, not defaulted to.

This product was created using AI and manually curated.

📩 Message me for a free installation guide – available in English, German, Spanish, and Portuguese for Windows, Mac, and Linux. @digipicshop";"https://raw.githubusercontent.com/Susderk/mockup-uploads/main/mockups/2026-07-30/Golden%20Hour/1.png";"https://raw.githubusercontent.com/Susderk/mockup-uploads/main/mockups/2026-07-30/Golden%20Hour/2.png, https://raw.githubusercontent.com/Susderk/mockup-uploads/main/mockups/2026-07-30/Golden%20Hour/3.png, https://raw.githubusercontent.com/Susderk/mockup-uploads/main/mockups/2026-07-30/Golden%20Hour/4.png";"999"
"DPS-WP-20260730-0157-004";"https://raw.githubusercontent.com/Susderk/mockup-uploads/main/mockups/2026-07-30/Midnight%20Mirror/Midnight_Mirror.mp4";"Synthwave Salt Flat Wallpaper | Starlit 4K Desktop";"2,99";"https://digipicshopdesigns.etsy.com/de/listing/4546566267";"in stock";"new";"Out of dozens of generated variations, this scene made it through for one reason: the light feels right. A vast salt flat under a midnight blue sky, a thin water layer mirroring stars overhead — the color temperature sits somewhere between suspense and wonder. The gold and ivory tones pull the retro synthwave aesthetic away from neon cliché and into something quieter, more cinematic. It works whether you're deep in a focus session or on a video call where the background quietly says something about your taste. Handpicked for visual harmony, not just aesthetic novelty. Delivered as a crisp 4K file, ready to use.

Includes {{IMG_COUNT}} high-resolution image files at 4K resolution. Ready to use as a desktop wallpaper or Zoom / Teams background. Download, set, done.

For those who believe the spaces we occupy — even digital ones — should be chosen, not defaulted to.

This product was created using AI and manually curated.

📩 Message me for a free installation guide – available in English, German, Spanish, and Portuguese for Windows, Mac, and Linux. @digipicshop";"https://raw.githubusercontent.com/Susderk/mockup-uploads/main/mockups/2026-07-30/Midnight%20Mirror/1.png";"https://raw.githubusercontent.com/Susderk/mockup-uploads/main/mockups/2026-07-30/Midnight%20Mirror/2.png, https://raw.githubusercontent.com/Susderk/mockup-uploads/main/mockups/2026-07-30/Midnight%20Mirror/3.png, https://raw.githubusercontent.com/Susderk/mockup-uploads/main/mockups/2026-07-30/Midnight%20Mirror/4.png";"999"
"DPS-WP-20260730-0157-005";"https://raw.githubusercontent.com/Susderk/mockup-uploads/main/mockups/2026-07-30/Pastel%20Canyon%20Light/Pastel_Canyon_Light.mp4";"Sunlit Canyon Wallpaper | Pastel Abstract 4K";"2,99";"https://digipicshopdesigns.etsy.com/de/listing/4546566591";"in stock";"new";"Out of dozens of generated variations, this scene made it through for one reason: the light feels right. Layered sandstone formations caught in a soft autumn afternoon, rendered in a pastel gradient palette that sits somewhere between landscape photography and abstract art. The color temperature, the depth, the moment of stillness — it works whether you're deep in a focus session or on a video call where the background quietly says something about your taste. Handpicked for visual harmony, not just aesthetic novelty. Delivered as a crisp 4K file, ready to use.

Includes {{IMG_COUNT}} high-resolution image files at 4K resolution — sized for desktop wallpaper and virtual meeting backgrounds (Zoom, Microsoft Teams). Download instantly after purchase, no installation required. Set as your desktop background or upload directly to your video call platform.

For those who believe the spaces we occupy — even digital ones — should be chosen, not defaulted to.

This product was created using AI and manually curated.

📩 Message me for a free installation guide – available in English, German, Spanish, and Portuguese for Windows, Mac, and Linux. @digipicshop";"https://raw.githubusercontent.com/Susderk/mockup-uploads/main/mockups/2026-07-30/Pastel%20Canyon%20Light/1.png";"https://raw.githubusercontent.com/Susderk/mockup-uploads/main/mockups/2026-07-30/Pastel%20Canyon%20Light/2.png, https://raw.githubusercontent.com/Susderk/mockup-uploads/main/mockups/2026-07-30/Pastel%20Canyon%20Light/3.png, https://raw.githubusercontent.com/Susderk/mockup-uploads/main/mockups/2026-07-30/Pastel%20Canyon%20Light/4.png";"999"
"DPS-WP-20260731-0154-001";"https://raw.githubusercontent.com/Susderk/mockup-uploads/main/mockups/2026-07-31/Tidal%20Basin/Tidal_Basin.mp4";"Rocky Coastline Wallpaper | Moody Overcast 4K";"2,99";"https://digipicshopdesigns.etsy.com/de/listing/4547193951";"in stock";"new";"Out of dozens of generated variations, this scene made it through for one reason: the light feels right. The color temperature, the depth, the moment of stillness — it works whether you're deep in a focus session or on a video call where the background quietly says something about your taste. A rocky coastline under heavy overcast skies, tide pools catching muted gray light, earth tones stripped of warmth — it's grounding without competing for attention. Handpicked for visual harmony, not just aesthetic novelty. Delivered as a crisp 4K file, ready to use.

Includes {{IMG_COUNT}} high-resolution image files at 4K resolution — sized for desktop wallpaper and Zoom or Teams backgrounds. Download, set, done.

For those who believe the spaces we occupy — even digital ones — should be chosen, not defaulted to.

This product was created using AI and manually curated.

📩 Message me for a free installation guide – available in English, German, Spanish, and Portuguese for Windows, Mac, and Linux. @digipicshop";"https://raw.githubusercontent.com/Susderk/mockup-uploads/main/mockups/2026-07-31/Tidal%20Basin/1.png";"https://raw.githubusercontent.com/Susderk/mockup-uploads/main/mockups/2026-07-31/Tidal%20Basin/2.png, https://raw.githubusercontent.com/Susderk/mockup-uploads/main/mockups/2026-07-31/Tidal%20Basin/3.png, https://raw.githubusercontent.com/Susderk/mockup-uploads/main/mockups/2026-07-31/Tidal%20Basin/4.png";"999"
"DPS-WP-20260731-0154-002";"https://raw.githubusercontent.com/Susderk/mockup-uploads/main/mockups/2026-07-31/Desert%20Glow/Desert_Glow.mp4";"Desert Oasis Wallpaper | Golden Hour Teal Coral 4K";"2,99";"https://digipicshopdesigns.etsy.com/de/listing/4547207890";"in stock";"new";"Out of dozens of generated variations, this scene made it through for one reason: the light feels right. The color temperature, the depth, the moment of stillness — it works whether you're deep in a focus session or on a video call where the background quietly says something about your taste. A desert oasis bathed in golden-hour warmth, towering palms catching the last soft light, muted teal sky meeting coral glow on the horizon. Handpicked for visual harmony, not just aesthetic novelty. Delivered as a crisp 4K file, ready to use.

Includes {{IMG_COUNT}} high-resolution image files at 4K resolution — suitable as desktop wallpaper, virtual meeting backdrop, or Zoom and Teams background. Download, set, done.

For those who believe the spaces we occupy — even digital ones — should be chosen, not defaulted to.

This product was created using AI and manually curated.

📩 Message me for a free installation guide – available in English, German, Spanish, and Portuguese for Windows, Mac, and Linux. @digipicshop";"https://raw.githubusercontent.com/Susderk/mockup-uploads/main/mockups/2026-07-31/Desert%20Glow/1.png";"https://raw.githubusercontent.com/Susderk/mockup-uploads/main/mockups/2026-07-31/Desert%20Glow/2.png, https://raw.githubusercontent.com/Susderk/mockup-uploads/main/mockups/2026-07-31/Desert%20Glow/3.png, https://raw.githubusercontent.com/Susderk/mockup-uploads/main/mockups/2026-07-31/Desert%20Glow/4.png";"999"
"DPS-WP-20260731-0154-003";"https://raw.githubusercontent.com/Susderk/mockup-uploads/main/mockups/2026-07-31/Tropical%20Heat%20Wash/Tropical_Heat_Wash.mp4";"Abstract Watercolor Wallpaper | Fiery Red Orange 4K";"2,99";"https://digipicshopdesigns.etsy.com/de/listing/4547194523";"in stock";"new";"Out of dozens of generated variations, this scene made it through for one reason: the light feels right. The color temperature, the depth, the moment of stillness — it works whether you're deep in a focus session or on a video call where the background quietly says something about your taste. Fiery reds bleed into warm oranges across a painterly watercolor surface, luminous and organic, with the kind of atmospheric depth that makes a screen feel less flat. Handpicked for visual harmony, not just aesthetic novelty. Delivered as a crisp 4K file, ready to use.

This Digital Download includes {{IMG_COUNT}} high-resolution image files at 4K resolution — sized for desktop wallpaper and virtual meeting backgrounds (Zoom, Teams, Google Meet). Download, set, done.

For those who believe the spaces we occupy — even digital ones — should be chosen, not defaulted to.

This product was created using AI and manually curated.

📩 Message me for a free installation guide – available in English, German, Spanish, and Portuguese for Windows, Mac, and Linux. @digipicshop";"https://raw.githubusercontent.com/Susderk/mockup-uploads/main/mockups/2026-07-31/Tropical%20Heat%20Wash/1.png";"https://raw.githubusercontent.com/Susderk/mockup-uploads/main/mockups/2026-07-31/Tropical%20Heat%20Wash/2.png, https://raw.githubusercontent.com/Susderk/mockup-uploads/main/mockups/2026-07-31/Tropical%20Heat%20Wash/3.png, https://raw.githubusercontent.com/Susderk/mockup-uploads/main/mockups/2026-07-31/Tropical%20Heat%20Wash/4.png";"999"
"DPS-WP-20260731-0154-004";"https://raw.githubusercontent.com/Susderk/mockup-uploads/main/mockups/2026-07-31/Neon%20Hot%20Spring/Neon_Hot_Spring.mp4";"Hot Spring Wallpaper | Neon Bamboo Forest 4K Ethereal";"2,99";"https://digipicshopdesigns.etsy.com/de/listing/4547208502";"in stock";"new";"Out of dozens of generated variations, this scene made it through for one reason: the light feels right. The color temperature, the depth, the moment of stillness — it works whether you're deep in a focus session or on a video call where the background quietly says something about your taste. A secluded hot spring wrapped in dense bamboo, arctic blue water glowing under neon-edged mist — handpicked for visual harmony, not just aesthetic novelty. Delivered as a crisp 4K file, ready to use.

Included: {{IMG_COUNT}} high-resolution image files, all in 4K resolution — sized for desktop wallpaper and virtual meeting backgrounds (Zoom, Teams, Google Meet).

How to use: Download, save the file, and set it as your desktop wallpaper or upload it directly as your Zoom or Teams background. No software required.

For those who believe the spaces we occupy — even digital ones — should be chosen, not defaulted to.

This product was created using AI and manually curated.

📩 Message me for a free installation guide – available in English, German, Spanish, and Portuguese for Windows, Mac, and Linux. @digipicshop";"https://raw.githubusercontent.com/Susderk/mockup-uploads/main/mockups/2026-07-31/Neon%20Hot%20Spring/1.png";"https://raw.githubusercontent.com/Susderk/mockup-uploads/main/mockups/2026-07-31/Neon%20Hot%20Spring/2.png, https://raw.githubusercontent.com/Susderk/mockup-uploads/main/mockups/2026-07-31/Neon%20Hot%20Spring/3.png, https://raw.githubusercontent.com/Susderk/mockup-uploads/main/mockups/2026-07-31/Neon%20Hot%20Spring/4.png";"999"
"DPS-WP-20260731-0154-005";"https://raw.githubusercontent.com/Susderk/mockup-uploads/main/mockups/2026-07-31/Neon%20Kitten%20Magic/Neon_Kitten_Magic.mp4";"Kitten Laser Wallpaper | Ethereal Neon Rainbow 4K";"2,99";"https://digipicshopdesigns.etsy.com/de/listing/4547208768";"in stock";"new";"Out of dozens of generated variations, this scene made it through for one reason: the light feels right. A tiny kitten transfixed by a glowing laser point, wrapped in a neon rainbow spectrum against a misty, ethereal dawn — the color temperature, the softness, the moment of pure feline wonder — it works whether you're deep in a focus session or on a video call where the background quietly says something about your taste. Handpicked for visual harmony, not just aesthetic novelty. Delivered as a crisp 4K file, ready to use.

Included in this Digital Download:
— {{IMG_COUNT}} high-resolution image files
— 4K resolution, sharp and vibrant on any screen
— Optimized for desktop wallpaper and Zoom / Teams background

How to use: Download, set as your desktop wallpaper or upload directly to Zoom or Teams as a virtual background.

For those who believe the spaces we occupy — even digital ones — should be chosen, not defaulted to.

This product was created using AI and manually curated.

📩 Message me for a free installation guide – available in English, German, Spanish, and Portuguese for Windows, Mac, and Linux. @digipicshop";"https://raw.githubusercontent.com/Susderk/mockup-uploads/main/mockups/2026-07-31/Neon%20Kitten%20Magic/1.png";"https://raw.githubusercontent.com/Susderk/mockup-uploads/main/mockups/2026-07-31/Neon%20Kitten%20Magic/2.png, https://raw.githubusercontent.com/Susderk/mockup-uploads/main/mockups/2026-07-31/Neon%20Kitten%20Magic/3.png, https://raw.githubusercontent.com/Susderk/mockup-uploads/main/mockups/2026-07-31/Neon%20Kitten%20Magic/4.png";"999"
"DPS-WP-20260711-0158-001";"https://raw.githubusercontent.com/Susderk/mockup-uploads/main/mockups/2026-07-11/DPS-WP-20260711-0158-001/DPS-WP-20260711-0158-001.mp4";"Courtyard Book Wallpaper | Ethereal Golden Hour 4K";"2,99";"https://digipicshopdesigns.etsy.com/de/listing/4548536542";"in stock";"new";"Out of dozens of generated variations, this scene made it through for one reason: the light feels right. The color temperature, the depth, the moment of stillness — it works whether you're deep in a focus session or on a video call where the background quietly says something about your taste. Warm gold and cream tones wash across an open book resting beneath an ancient tree, the courtyard receding softly into bokeh and mist. Handpicked for visual harmony, not just aesthetic novelty. Delivered as a crisp 4K file, ready to use.

Includes 5 high-resolution image files at 4K resolution. Use as a desktop wallpaper or as a Zoom, Teams, or Google Meet virtual background. To set as a Zoom background: open Zoom settings → Virtual Background → upload the file.

For those who believe the spaces we occupy — even digital ones — should be chosen, not defaulted to.

This product was created using AI and manually curated.

📩 Message me for a free installation guide – available in English, German, Spanish, and Portuguese for Windows, Mac, and Linux. @digipicshop";"https://raw.githubusercontent.com/Susderk/mockup-uploads/main/mockups/2026-07-11/DPS-WP-20260711-0158-001/1.png";"https://raw.githubusercontent.com/Susderk/mockup-uploads/main/mockups/2026-07-11/DPS-WP-20260711-0158-001/2.png, https://raw.githubusercontent.com/Susderk/mockup-uploads/main/mockups/2026-07-11/DPS-WP-20260711-0158-001/3.png, https://raw.githubusercontent.com/Susderk/mockup-uploads/main/mockups/2026-07-11/DPS-WP-20260711-0158-001/4.png";"999"
"DPS-CP-20260711-0158-001";"";"Wild Rose Coloring Page | Adult Printable Botanical Line Art PDF";"2,99";"https://digipicshopdesigns.etsy.com/de/listing/4535965765";"in stock";"new";"Some blooms carry a quiet wildness that rewards a closer look — this Wild Rose line art was drawn for exactly that. Clean, precise contours trace every delicate petal and fine stem detail, made for slow, focused coloring rather than a rushed fill-in.

Digital download includes three ready-to-use files: a print-ready A4 PDF, a print-ready US Letter PDF, and a bonus transparent-line PNG for digital coloring apps such as Procreate.

Perfect for a quiet evening of mindful coloring, a thoughtful gift for a plant or nature lover, a homeschool botany lesson, or framing once finished. Print at home on regular paper or cardstock — no physical item is shipped, this is an instant digital download.

For anyone who finds more calm in a single well-drawn petal than in a blank page.

This product was created using AI and manually curated.

📩 Message me with printing questions — happy to help with paper size, cardstock, or print settings.";"";"";"999"
