"product_id";"video_link_github";"title";"price";"product_link";"availability";"condition";"description";"image_link";"additional_image_link";"quantity_to_sell_on_facebook"
"DPS-WP-20260901-0148-001";"https://raw.githubusercontent.com/Susderk/mockup-uploads/main/mockups/2026-09-01/Blue%20Hour%20Lanterns/Blue_Hour_Lanterns.mp4";"Autumn Harvest Moon Wallpaper | Low-Poly Geometric 4K";"2,99";"https://digipicshopdesigns.etsy.com/de/listing/4566400930";"in stock";"new";"Out of dozens of generated variations, this scene made it through for one reason: the light feels right. The color temperature, the depth, the moment of stillness — it works whether you're deep in a focus session or on a video call where the background quietly says something about your taste. Handpicked for visual harmony, not just aesthetic novelty. Delivered as a crisp 4K file, ready to use.

What you get: 7 high-resolution image files in 4K resolution. Use as a desktop wallpaper, Zoom background, or Teams meeting backdrop. Simply download, set as your wallpaper or virtual background, and refresh your workspace in seconds.

For those who believe the spaces we occupy — even digital ones — should be chosen, not defaulted to.

This product was created using AI and manually curated.

📩 Message me for a free installation guide – available in English, German, Spanish, and Portuguese for Windows, Mac, and Linux. @digipicshop";"https://raw.githubusercontent.com/Susderk/mockup-uploads/main/mockups/2026-09-01/Blue%20Hour%20Lanterns/1.png";"https://raw.githubusercontent.com/Susderk/mockup-uploads/main/mockups/2026-09-01/Blue%20Hour%20Lanterns/2.png, https://raw.githubusercontent.com/Susderk/mockup-uploads/main/mockups/2026-09-01/Blue%20Hour%20Lanterns/3.png, https://raw.githubusercontent.com/Susderk/mockup-uploads/main/mockups/2026-09-01/Blue%20Hour%20Lanterns/4.png";"999"
"DPS-WP-20260901-0148-002";"https://raw.githubusercontent.com/Susderk/mockup-uploads/main/mockups/2026-09-01/Autumn%20Bobbing%20Dream/Autumn_Bobbing_Dream.mp4";"Rustic Barrel Wallpaper | Autumn Candlelit Barn 4K";"2,99";"https://digipicshopdesigns.etsy.com/de/listing/4566380213";"in stock";"new";"Out of dozens of generated variations, this scene made it through for one reason: the light feels right. The color temperature, the depth, the moment of stillness — it works whether you're deep in a focus session or on a video call where the background quietly says something about your taste. Handpicked for visual harmony, not just aesthetic novelty. Delivered as a crisp 4K file, ready to use.

You'll receive 7 high-resolution image files in 4K resolution, suitable for any modern desktop, laptop, or video-call platform (Zoom, Microsoft Teams, Google Meet). Use as a desktop wallpaper to transform your workspace, or set as your video-meeting backdrop for a warm, focused atmosphere. Simply download, and apply to your device settings.

For those who believe the spaces we occupy — even digital ones — should be chosen, not defaulted to.

This product was created using AI and manually curated.

📩 Message me for a free installation guide – available in English, German, Spanish, and Portuguese for Windows, Mac, and Linux. @digipicshop";"https://raw.githubusercontent.com/Susderk/mockup-uploads/main/mockups/2026-09-01/Autumn%20Bobbing%20Dream/1.png";"https://raw.githubusercontent.com/Susderk/mockup-uploads/main/mockups/2026-09-01/Autumn%20Bobbing%20Dream/2.png, https://raw.githubusercontent.com/Susderk/mockup-uploads/main/mockups/2026-09-01/Autumn%20Bobbing%20Dream/3.png, https://raw.githubusercontent.com/Susderk/mockup-uploads/main/mockups/2026-09-01/Autumn%20Bobbing%20Dream/4.png";"999"
"DPS-WP-20260901-0148-003";"https://raw.githubusercontent.com/Susderk/mockup-uploads/main/mockups/2026-09-01/Haunted%20Doorsteps/Haunted_Doorsteps.mp4";"Halloween Street Wallpaper | Foggy Jack-o-Lantern 4K";"2,99";"https://digipicshopdesigns.etsy.com/de/listing/4566380663";"in stock";"new";"Out of dozens of generated variations, this scene made it through for one reason: the light feels right. Glowing jack-o'-lanterns line a fog-filled street in soft grayscale warmth — the kind of Halloween mood that is eerie without being loud, atmospheric without being obvious. Watercolor edges dissolve like ink diffusing through paper, giving the whole scene a hand-crafted quality that holds up beautifully on a large screen. The color temperature, the depth, the diagonal pull of the composition — it works whether you're deep in a focus session or on a video call where the background quietly says something about your taste. Handpicked for visual harmony, not just aesthetic novelty.

Includes 7 high-resolution image files at 4K resolution — ready for desktop wallpaper, Zoom background, or Microsoft Teams backdrop. Download, set, done.

For those who believe the spaces we occupy — even digital ones — should be chosen, not defaulted to.

This product was created using AI and manually curated.

📩 Message me for a free installation guide – available in English, German, Spanish, and Portuguese for Windows, Mac, and Linux. @digipicshop";"https://raw.githubusercontent.com/Susderk/mockup-uploads/main/mockups/2026-09-01/Haunted%20Doorsteps/1.png";"https://raw.githubusercontent.com/Susderk/mockup-uploads/main/mockups/2026-09-01/Haunted%20Doorsteps/2.png, https://raw.githubusercontent.com/Susderk/mockup-uploads/main/mockups/2026-09-01/Haunted%20Doorsteps/3.png, https://raw.githubusercontent.com/Susderk/mockup-uploads/main/mockups/2026-09-01/Haunted%20Doorsteps/4.png";"999"
"DPS-WP-20260901-0148-004";"https://raw.githubusercontent.com/Susderk/mockup-uploads/main/mockups/2026-09-01/Mystical%20Skull%20Glow/Mystical_Skull_Glow.mp4";"Skull Candle Wallpaper | Ethereal Teal Coral 4K";"2,99";"https://digipicshopdesigns.etsy.com/de/listing/4566380999";"in stock";"new";"Out of dozens of generated variations, this scene made it through for one reason: the light feels right. A candle flickering inside a carved skull, resting on an aged wooden mantle — rendered in a pastel gradient style with muted teal and coral tones that somehow feel both haunting and calm. The foggy, dreamlike atmosphere gives it an otherworldly stillness that works whether you're deep in a focus session or on a video call where the background quietly says something about your taste. Handpicked for visual harmony, not just aesthetic novelty. Delivered as a crisp 4K file, ready to use.

This Digital Download includes 6 high-resolution image files at 4K resolution — optimized for desktop wallpaper and Zoom or Teams video call backgrounds. Simply download, set, and go.

For those who believe the spaces we occupy — even digital ones — should be chosen, not defaulted to.

This product was created using AI and manually curated.

📩 Message me for a free installation guide – available in English, German, Spanish, and Portuguese for Windows, Mac, and Linux. @digipicshop";"https://raw.githubusercontent.com/Susderk/mockup-uploads/main/mockups/2026-09-01/Mystical%20Skull%20Glow/1.png";"https://raw.githubusercontent.com/Susderk/mockup-uploads/main/mockups/2026-09-01/Mystical%20Skull%20Glow/2.png, https://raw.githubusercontent.com/Susderk/mockup-uploads/main/mockups/2026-09-01/Mystical%20Skull%20Glow/3.png, https://raw.githubusercontent.com/Susderk/mockup-uploads/main/mockups/2026-09-01/Mystical%20Skull%20Glow/4.png";"999"
"DPS-WP-20260901-0148-005";"https://raw.githubusercontent.com/Susderk/mockup-uploads/main/mockups/2026-09-01/Neon%20Decay/Neon_Decay.mp4";"Synthwave Cemetery Wallpaper | Ethereal Dusk 4K";"2,99";"https://digipicshopdesigns.etsy.com/de/listing/4566402394";"in stock";"new";"Out of dozens of generated variations, this scene made it through for one reason: the light feels right. Weathered headstones emerge from swirling fallen leaves at dusk — muted teal and coral pulling the retro synthwave palette into something quieter and more unsettling. Layered mist, centered symmetry, a luminous haze that sits between haunting and cinematic. It works whether you're deep in a focus session or on a video call where the background quietly says something about your taste. Handpicked for visual harmony, not just aesthetic novelty. Delivered as a crisp 4K file, ready to use.

Included: 7 high-resolution image files at 4K resolution.
Use as a desktop wallpaper, virtual Zoom background, or Microsoft Teams backdrop.
How to use: download the file, set as wallpaper via your OS settings, or upload directly to Zoom or Teams as a virtual background.

For those who believe the spaces we occupy — even digital ones — should be chosen, not defaulted to.

This product was created using AI and manually curated.

📩 Message me for a free installation guide – available in English, German, Spanish, and Portuguese for Windows, Mac, and Linux. @digipicshop";"https://raw.githubusercontent.com/Susderk/mockup-uploads/main/mockups/2026-09-01/Neon%20Decay/1.png";"https://raw.githubusercontent.com/Susderk/mockup-uploads/main/mockups/2026-09-01/Neon%20Decay/2.png, https://raw.githubusercontent.com/Susderk/mockup-uploads/main/mockups/2026-09-01/Neon%20Decay/3.png, https://raw.githubusercontent.com/Susderk/mockup-uploads/main/mockups/2026-09-01/Neon%20Decay/4.png";"999"
"DPS-WP-20260902-0157-001";"https://raw.githubusercontent.com/Susderk/mockup-uploads/main/mockups/2026-09-02/Autumn%20Alley/Autumn_Alley.mp4";"Autumn Fog Alley Wallpaper | Moody Fall 4K Desktop";"2,99";"https://digipicshopdesigns.etsy.com/de/listing/4567044771";"in stock";"new";"Out of dozens of generated variations, this scene made it through for one reason: the light feels right. A fog-draped autumn alley at dawn, wet pavement catching warm reflections, candlelit windows glowing softly through the mist, and a cascade of orange and red leaves suspended in amber haze. The color temperature, the depth, the moment of stillness — it works whether you're deep in a focus session or on a video call where the background quietly says something about your taste. Handpicked for visual harmony, not just aesthetic novelty. Delivered as a crisp 4K file, ready to use.

Includes 7 high-resolution image files at 4K resolution. Works as a desktop wallpaper, virtual meeting background for Zoom or Microsoft Teams, or a screensaver. Simply download, set, and you're done.

For those who believe the spaces we occupy — even digital ones — should be chosen, not defaulted to.

This product was created using AI and manually curated.

📩 Message me for a free installation guide – available in English, German, Spanish, and Portuguese for Windows, Mac, and Linux. @digipicshop";"https://raw.githubusercontent.com/Susderk/mockup-uploads/main/mockups/2026-09-02/Autumn%20Alley/1.png";"https://raw.githubusercontent.com/Susderk/mockup-uploads/main/mockups/2026-09-02/Autumn%20Alley/2.png, https://raw.githubusercontent.com/Susderk/mockup-uploads/main/mockups/2026-09-02/Autumn%20Alley/3.png, https://raw.githubusercontent.com/Susderk/mockup-uploads/main/mockups/2026-09-02/Autumn%20Alley/4.png";"999"
"DPS-WP-20260902-0157-002";"https://raw.githubusercontent.com/Susderk/mockup-uploads/main/mockups/2026-09-02/Neon%20Autumn%20Ritual/Neon_Autumn_Ritual.mp4";"Synthwave Pumpkin Wallpaper | Moody Retro 4K Desktop";"2,99";"https://digipicshopdesigns.etsy.com/de/listing/4567045065";"in stock";"new";"Out of dozens of generated variations, this scene made it through for one reason: the light feels right. Orange pumpkins resting on mossy stone steps, pulled into darkness by a tunnel composition that draws your eye straight to the vanishing point — all of it soaked in a retro synthwave palette that sits somewhere between neon-tinged and black-and-white noir. The color temperature, the depth, the moment of stillness — it works whether you're deep in a focus session or on a video call where the background quietly says something about your taste. Handpicked for visual harmony, not just aesthetic novelty. Delivered as a crisp 4K file, ready to use.

What's included: 7 high-resolution image files at 4K resolution.
Use as a desktop wallpaper or Zoom / Microsoft Teams virtual background.
How to use: download, unzip if needed, and set directly as your desktop or meeting background.

For those who believe the spaces we occupy — even digital ones — should be chosen, not defaulted to.

This product was created using AI and manually curated.

📩 Message me for a free installation guide – available in English, German, Spanish, and Portuguese for Windows, Mac, and Linux. @digipicshop";"https://raw.githubusercontent.com/Susderk/mockup-uploads/main/mockups/2026-09-02/Neon%20Autumn%20Ritual/1.png";"https://raw.githubusercontent.com/Susderk/mockup-uploads/main/mockups/2026-09-02/Neon%20Autumn%20Ritual/2.png, https://raw.githubusercontent.com/Susderk/mockup-uploads/main/mockups/2026-09-02/Neon%20Autumn%20Ritual/3.png, https://raw.githubusercontent.com/Susderk/mockup-uploads/main/mockups/2026-09-02/Neon%20Autumn%20Ritual/4.png";"999"
"DPS-WP-20260902-0157-003";"https://raw.githubusercontent.com/Susderk/mockup-uploads/main/mockups/2026-09-02/Synthwave%20Manor/Synthwave_Manor.mp4";"Haunted Manor Wallpaper | Synthwave Moody 4K Desktop";"2,99";"https://digipicshopdesigns.etsy.com/de/listing/4567068386";"in stock";"new";"Out of dozens of generated variations, this scene made it through for one reason: the light feels right. The color temperature, the depth, the moment of stillness — it works whether you're deep in a focus session or on a video call where the background quietly says something about your taste. A haunted manor silhouetted against a stormy purple and orange sky, drenched in deep cyan accents and retro synthwave energy. Handpicked for visual harmony, not just aesthetic novelty. Delivered as a crisp 4K file, ready to use.

Included: 7 high-resolution image files at 4K resolution — optimized for desktop wallpaper and Zoom or Teams video call backgrounds.

How to use: Download, set as your desktop wallpaper or upload directly as a virtual background in Zoom, Teams, or Meet.

For those who believe the spaces we occupy — even digital ones — should be chosen, not defaulted to.

This product was created using AI and manually curated.

📩 Message me for a free installation guide – available in English, German, Spanish, and Portuguese for Windows, Mac, and Linux. @digipicshop";"https://raw.githubusercontent.com/Susderk/mockup-uploads/main/mockups/2026-09-02/Synthwave%20Manor/1.png";"https://raw.githubusercontent.com/Susderk/mockup-uploads/main/mockups/2026-09-02/Synthwave%20Manor/2.png, https://raw.githubusercontent.com/Susderk/mockup-uploads/main/mockups/2026-09-02/Synthwave%20Manor/3.png, https://raw.githubusercontent.com/Susderk/mockup-uploads/main/mockups/2026-09-02/Synthwave%20Manor/4.png";"999"
"DPS-WP-20260902-0157-004";"https://raw.githubusercontent.com/Susderk/mockup-uploads/main/mockups/2026-09-02/Moonlit%20Feline/Moonlit_Feline.mp4";"Black Cat Windowsill Wallpaper | Ethereal Street Art 4K";"2,99";"https://digipicshopdesigns.etsy.com/de/listing/4567068736";"in stock";"new";"Out of dozens of generated variations, this scene made it through for one reason: the light feels right. A black cat poised on a moonlit windowsill, flowing curtains caught mid-drift, cool arctic blue meeting a warm golden glow — the kind of image that holds your attention without demanding it. Street-art character with a romantic, whimsical atmosphere that works whether you're deep in a focus session or on a video call where the background quietly says something about your taste. Handpicked for visual harmony, not just aesthetic novelty. Delivered as a crisp 4K file, ready to use.

Included: 7 high-resolution image files at 4K resolution — optimized for desktop wallpaper and Zoom or Teams video call backgrounds.

How to use: Download, set as your desktop background or upload directly to Zoom/Teams as a virtual background.

For those who believe the spaces we occupy — even digital ones — should be chosen, not defaulted to.

This product was created using AI and manually curated.

📩 Message me for a free installation guide – available in English, German, Spanish, and Portuguese for Windows, Mac, and Linux. @digipicshop";"https://raw.githubusercontent.com/Susderk/mockup-uploads/main/mockups/2026-09-02/Moonlit%20Feline/1.png";"https://raw.githubusercontent.com/Susderk/mockup-uploads/main/mockups/2026-09-02/Moonlit%20Feline/2.png, https://raw.githubusercontent.com/Susderk/mockup-uploads/main/mockups/2026-09-02/Moonlit%20Feline/3.png, https://raw.githubusercontent.com/Susderk/mockup-uploads/main/mockups/2026-09-02/Moonlit%20Feline/4.png";"999"
"DPS-WP-20260902-0157-005";"https://raw.githubusercontent.com/Susderk/mockup-uploads/main/mockups/2026-09-02/Autumn%20Witch%20Flight/Autumn_Witch_Flight.mp4";"Witch Moon Wallpaper | Dreamy Autumn Halloween 4K";"2,99";"https://digipicshopdesigns.etsy.com/de/listing/4567045913";"in stock";"new";"Out of dozens of generated variations, this scene made it through for one reason: the light feels right. A witch silhouette arcing across an enormous orange autumn moon, wrapped in warm sunset pastels and a soft luminous haze — the color temperature, the depth, the moment of stillness all work together. Whether you're deep in a focus session or on a video call where the background quietly says something about your taste, this ethereal moonlit composition holds its own. Handpicked for visual harmony, not just aesthetic novelty. Delivered as a crisp 4K file, ready to use.

Includes 7 high-resolution image files at 4K resolution. Use as a desktop wallpaper on any device, or set it as your Zoom or Microsoft Teams virtual background. Drop the file in — no editing needed.

For those who believe the spaces we occupy — even digital ones — should be chosen, not defaulted to.

This product was created using AI and manually curated.

📩 Message me for a free installation guide – available in English, German, Spanish, and Portuguese for Windows, Mac, and Linux. @digipicshop";"https://raw.githubusercontent.com/Susderk/mockup-uploads/main/mockups/2026-09-02/Autumn%20Witch%20Flight/1.png";"https://raw.githubusercontent.com/Susderk/mockup-uploads/main/mockups/2026-09-02/Autumn%20Witch%20Flight/2.png, https://raw.githubusercontent.com/Susderk/mockup-uploads/main/mockups/2026-09-02/Autumn%20Witch%20Flight/3.png, https://raw.githubusercontent.com/Susderk/mockup-uploads/main/mockups/2026-09-02/Autumn%20Witch%20Flight/4.png";"999"
"DPS-WP-20260903-0157-001";"https://raw.githubusercontent.com/Susderk/mockup-uploads/main/mockups/2026-09-03/Haunted%20Forest%20Path/Haunted_Forest_Path.mp4";"Dark Forest Wallpaper | Geometric Halloween 4K Moody";"2,99";"https://digipicshopdesigns.etsy.com/de/listing/4567731814";"in stock";"new";"Out of dozens of generated variations, this scene made it through for one reason: the light feels right. A low-poly forest path dissolves into twilight mist, carved pumpkin faces catching lantern glow along the way — the color temperature holds that exact tension between dusk warmth and cool shadow that makes a background feel alive without demanding attention. The geometric faceted style keeps it sharp and deliberate, not decorative. Works whether you're deep in a focus session or on a video call where the background quietly says something about your taste. Handpicked for visual harmony, not just aesthetic novelty. Delivered as a crisp 4K file, ready to use.

Includes 7 high-resolution image files at 4K resolution — sized for desktop wallpaper and virtual meeting backgrounds (Zoom, Microsoft Teams). Download, set, done.

For those who believe the spaces we occupy — even digital ones — should be chosen, not defaulted to.

This product was created using AI and manually curated.

📩 Message me for a free installation guide – available in English, German, Spanish, and Portuguese for Windows, Mac, and Linux. @digipicshop";"https://raw.githubusercontent.com/Susderk/mockup-uploads/main/mockups/2026-09-03/Haunted%20Forest%20Path/1.png";"https://raw.githubusercontent.com/Susderk/mockup-uploads/main/mockups/2026-09-03/Haunted%20Forest%20Path/2.png, https://raw.githubusercontent.com/Susderk/mockup-uploads/main/mockups/2026-09-03/Haunted%20Forest%20Path/3.png, https://raw.githubusercontent.com/Susderk/mockup-uploads/main/mockups/2026-09-03/Haunted%20Forest%20Path/4.png";"999"
"DPS-WP-20260903-0157-002";"https://raw.githubusercontent.com/Susderk/mockup-uploads/main/mockups/2026-09-03/Witchs%20Threshold/Witchs_Threshold.mp4";"Witch Hat Wallpaper | Moody Halloween 4K Desktop";"2,99";"https://digipicshopdesigns.etsy.com/de/listing/4567716695";"in stock";"new";"Out of dozens of generated variations, this scene made it through for one reason: the light feels right. The color temperature, the depth, the moment of stillness — it works whether you're deep in a focus session or on a video call where the background quietly says something about your taste. A witch hat and broomstick rest against a crumbling stone wall, wrapped in muted grays and earthy tones, with cinematic shadow and soft atmospheric haze. Handpicked for visual harmony, not just aesthetic novelty. Delivered as a crisp 4K file, ready to use.

Included: 7 high-resolution image files at 4K resolution. Use as a desktop wallpaper, screensaver, or virtual Zoom/Teams background. Download, unzip, and set — no special software needed.

For those who believe the spaces we occupy — even digital ones — should be chosen, not defaulted to.

This product was created using AI and manually curated.

📩 Message me for a free installation guide – available in English, German, Spanish, and Portuguese for Windows, Mac, and Linux. @digipicshop";"https://raw.githubusercontent.com/Susderk/mockup-uploads/main/mockups/2026-09-03/Witchs%20Threshold/1.png";"https://raw.githubusercontent.com/Susderk/mockup-uploads/main/mockups/2026-09-03/Witchs%20Threshold/2.png, https://raw.githubusercontent.com/Susderk/mockup-uploads/main/mockups/2026-09-03/Witchs%20Threshold/3.png, https://raw.githubusercontent.com/Susderk/mockup-uploads/main/mockups/2026-09-03/Witchs%20Threshold/4.png";"999"
"DPS-WP-20260903-0157-004";"https://raw.githubusercontent.com/Susderk/mockup-uploads/main/mockups/2026-09-03/Masked%20Reverie/Masked_Reverie.mp4";"Costume Shop Wallpaper | Dreamy Pastel 4K Desktop";"2,99";"https://digipicshopdesigns.etsy.com/de/listing/4567732482";"in stock";"new";"Out of dozens of generated variations, this scene made it through for one reason: the light feels right. The color temperature, the depth, the moment of stillness — it works whether you're deep in a focus session or on a video call where the background quietly says something about your taste. An aerial view into an enchanting costume shop, shelves layered with flowing capes, ornate masks, and shimmering disguises — all bathed in a soft pastel gradient of muted teal and coral with a tranquil, ethereal luminosity. Handpicked for visual harmony, not just aesthetic novelty. Delivered as a crisp 4K file, ready to use.

Includes 7 high-resolution image files at 4K resolution. Use as a desktop wallpaper or virtual Zoom/Teams background. Simply download, set as background, and enjoy.

For those who believe the spaces we occupy — even digital ones — should be chosen, not defaulted to.

This product was created using AI and manually curated.

📩 Message me for a free installation guide – available in English, German, Spanish, and Portuguese for Windows, Mac, and Linux. @digipicshop";"https://raw.githubusercontent.com/Susderk/mockup-uploads/main/mockups/2026-09-03/Masked%20Reverie/1.png";"https://raw.githubusercontent.com/Susderk/mockup-uploads/main/mockups/2026-09-03/Masked%20Reverie/2.png, https://raw.githubusercontent.com/Susderk/mockup-uploads/main/mockups/2026-09-03/Masked%20Reverie/3.png, https://raw.githubusercontent.com/Susderk/mockup-uploads/main/mockups/2026-09-03/Masked%20Reverie/4.png";"999"
"DPS-WP-20260904-0151-001";"https://raw.githubusercontent.com/Susderk/mockup-uploads/main/mockups/2026-09-04/Spectral%20Dusk/Spectral_Dusk.mp4";"Halloween Street Wallpaper | Moody Autumn Dusk 4K";"2,99";"https://digipicshopdesigns.etsy.com/de/listing/4568478443";"in stock";"new";"Out of dozens of generated variations, this scene made it through for one reason: the light feels right. The color temperature, the depth, the moment of stillness — carved pumpkins glowing at dusk on a leaf-strewn street, rendered in a high-contrast pastel-abstract palette that makes the atmosphere feel both tense and dreamlike. It works whether you're deep in a focus session or on a video call where the background quietly says something about your taste. Handpicked for visual harmony, not just aesthetic novelty. Delivered as a crisp 4K file, ready to use.

Included: 7 high-resolution image files at 4K resolution. Use them as a desktop wallpaper or as a Zoom / Microsoft Teams virtual background. To apply: download, unzip, and set as your desktop background or upload directly to your video-call platform's virtual background settings.

For those who believe the spaces we occupy — even digital ones — should be chosen, not defaulted to.

This product was created using AI and manually curated.

📩 Message me for a free installation guide – available in English, German, Spanish, and Portuguese for Windows, Mac, and Linux. @digipicshop";"https://raw.githubusercontent.com/Susderk/mockup-uploads/main/mockups/2026-09-04/Spectral%20Dusk/1.png";"https://raw.githubusercontent.com/Susderk/mockup-uploads/main/mockups/2026-09-04/Spectral%20Dusk/2.png, https://raw.githubusercontent.com/Susderk/mockup-uploads/main/mockups/2026-09-04/Spectral%20Dusk/3.png, https://raw.githubusercontent.com/Susderk/mockup-uploads/main/mockups/2026-09-04/Spectral%20Dusk/4.png";"999"
"DPS-WP-20260904-0151-002";"https://raw.githubusercontent.com/Susderk/mockup-uploads/main/mockups/2026-09-04/Neon%20Midnight/Neon_Midnight.mp4";"Vampire Cape Street Art Wallpaper | Neon Rainbow 4K";"2,99";"https://digipicshopdesigns.etsy.com/de/listing/4568478881";"in stock";"new";"Out of dozens of generated variations, this scene made it through for one reason: the light feels right. A vampire cape draped over a wooden chair, autumn leaves swirling at the window — rendered in electric pinks, cyans, magentas, and lime greens with the bold brushstrokes and graphic energy of street art. The color temperature, the depth, the moment of lively stillness — it works whether you're deep in a focus session or on a video call where the background quietly says something about your taste. Handpicked for visual harmony, not just aesthetic novelty. Delivered as a crisp 4K file, ready to use.

Includes 7 high-resolution image files at 4K resolution. Works beautifully as a desktop wallpaper or virtual Zoom/Teams background. Simply download, unzip, and set your preferred file as your background.

For those who believe the spaces we occupy — even digital ones — should be chosen, not defaulted to.

This product was created using AI and manually curated.

📩 Message me for a free installation guide – available in English, German, Spanish, and Portuguese for Windows, Mac, and Linux. @digipicshop";"https://raw.githubusercontent.com/Susderk/mockup-uploads/main/mockups/2026-09-04/Neon%20Midnight/1.png";"https://raw.githubusercontent.com/Susderk/mockup-uploads/main/mockups/2026-09-04/Neon%20Midnight/2.png, https://raw.githubusercontent.com/Susderk/mockup-uploads/main/mockups/2026-09-04/Neon%20Midnight/3.png, https://raw.githubusercontent.com/Susderk/mockup-uploads/main/mockups/2026-09-04/Neon%20Midnight/4.png";"999"
"DPS-WP-20260904-0151-003";"https://raw.githubusercontent.com/Susderk/mockup-uploads/main/mockups/2026-09-04/Midnight%20Candyland/Midnight_Candyland.mp4";"Spooky Candy Shop Wallpaper | Gothic Halloween 4K";"2,99";"https://digipicshopdesigns.etsy.com/de/listing/4568491382";"in stock";"new";"Out of dozens of generated variations, this scene made it through for one reason: the light feels right. A spooky candy shop window glowing with deep purples and electric cyan, decorative skulls peering through intricate cobwebs, all bathed in a warm golden desert sunset — the color temperature, the depth, the moment of stillness — it works whether you're deep in a focus session or on a video call where the background quietly says something about your taste. Handpicked for visual harmony, not just aesthetic novelty. Delivered as a crisp 4K file, ready to use.

Includes 7 high-resolution image files at 4K resolution. Perfect as a desktop wallpaper or Zoom/Teams background for Halloween season, gothic aesthetics, or anyone who wants their setup to stand out year-round. Simply download, set as your desktop wallpaper or virtual meeting background, and you're done.

For those who believe the spaces we occupy — even digital ones — should be chosen, not defaulted to.

This product was created using AI and manually curated.

📩 Message me for a free installation guide – available in English, German, Spanish, and Portuguese for Windows, Mac, and Linux. @digipicshop";"https://raw.githubusercontent.com/Susderk/mockup-uploads/main/mockups/2026-09-04/Midnight%20Candyland/1.png";"https://raw.githubusercontent.com/Susderk/mockup-uploads/main/mockups/2026-09-04/Midnight%20Candyland/2.png, https://raw.githubusercontent.com/Susderk/mockup-uploads/main/mockups/2026-09-04/Midnight%20Candyland/3.png, https://raw.githubusercontent.com/Susderk/mockup-uploads/main/mockups/2026-09-04/Midnight%20Candyland/4.png";"999"
"DPS-WP-20260904-0151-004";"https://raw.githubusercontent.com/Susderk/mockup-uploads/main/mockups/2026-09-04/Foggy%20Graveyard/Foggy_Graveyard.mp4";"Autumn Graveyard Wallpaper | Ethereal Fog 4K";"2,99";"https://digipicshopdesigns.etsy.com/de/listing/4568479731";"in stock";"new";"Out of dozens of generated variations, this scene made it through for one reason: the light feels right. The color temperature, the depth, the moment of stillness — it works whether you're deep in a focus session or on a video call where the background quietly says something about your taste. Handpicked for visual harmony, not just aesthetic novelty. Delivered as a crisp 4K file, ready to use.

You receive 7 high-resolution image files in 4K resolution, ready to download instantly. Use as a desktop wallpaper to transform your workspace, or set as your Zoom, Teams, or Google Meet background for video calls. Simply download, set, and let the moody autumn atmosphere do the rest. For those who believe the spaces we occupy — even digital ones — should be chosen, not defaulted to.

This product was created using AI and manually curated.

📩 Message me for a free installation guide – available in English, German, Spanish, and Portuguese for Windows, Mac, and Linux. @digipicshop";"https://raw.githubusercontent.com/Susderk/mockup-uploads/main/mockups/2026-09-04/Foggy%20Graveyard/1.png";"https://raw.githubusercontent.com/Susderk/mockup-uploads/main/mockups/2026-09-04/Foggy%20Graveyard/2.png, https://raw.githubusercontent.com/Susderk/mockup-uploads/main/mockups/2026-09-04/Foggy%20Graveyard/3.png, https://raw.githubusercontent.com/Susderk/mockup-uploads/main/mockups/2026-09-04/Foggy%20Graveyard/4.png";"999"
"DPS-WP-20260904-0151-005";"https://raw.githubusercontent.com/Susderk/mockup-uploads/main/mockups/2026-09-04/Harvest%20Moon%20Lane/Harvest_Moon_Lane.mp4";"Abandoned Farmhouse Wallpaper | Ethereal Harvest Moon 4K";"2,99";"https://digipicshopdesigns.etsy.com/de/listing/4568492340";"in stock";"new";"Out of dozens of generated variations, this scene made it through for one reason: the light feels right. The color temperature, the depth, the moment of stillness — it works whether you're deep in a focus session or on a video call where the background quietly says something about your taste. A deserted farmhouse at the end of a rural lane, bathed in cool arctic blue under a harvest moon, wrapped in soft ethereal mist. Minimalist and haunting — the kind of image that holds attention without demanding it. Handpicked for visual harmony, not just aesthetic novelty. Delivered as a crisp 4K file, ready to use.

Includes 7 high-resolution image files at 4K resolution. Perfect as a desktop wallpaper or as a Zoom or Teams virtual background. Simply download, unzip, and set as your wallpaper or upload directly to your video-call platform.

For those who believe the spaces we occupy — even digital ones — should be chosen, not defaulted to.

This product was created using AI and manually curated.

📩 Message me for a free installation guide – available in English, German, Spanish, and Portuguese for Windows, Mac, and Linux. @digipicshop";"https://raw.githubusercontent.com/Susderk/mockup-uploads/main/mockups/2026-09-04/Harvest%20Moon%20Lane/1.png";"https://raw.githubusercontent.com/Susderk/mockup-uploads/main/mockups/2026-09-04/Harvest%20Moon%20Lane/2.png, https://raw.githubusercontent.com/Susderk/mockup-uploads/main/mockups/2026-09-04/Harvest%20Moon%20Lane/3.png, https://raw.githubusercontent.com/Susderk/mockup-uploads/main/mockups/2026-09-04/Harvest%20Moon%20Lane/4.png";"999"
"DPS-WP-20260905-0157-001";"https://raw.githubusercontent.com/Susderk/mockup-uploads/main/mockups/2026-09-05/Autumn%20Reverie/Autumn_Reverie.mp4";"Autumn Porch Wallpaper | Dreamy Pastel Halloween 4K";"2,99";"https://digipicshopdesigns.etsy.com/de/listing/4569293622";"in stock";"new";"Out of dozens of generated variations, this scene made it through for one reason: the light feels right. The color temperature, the depth, the moment of stillness — it works whether you're deep in a focus session or on a video call where the background quietly says something about your taste. Carved pumpkins glow softly on an autumn porch railing at dusk, wrapped in a lavender-and-peach pastel gradient that feels more painterly than photographic. The golden-hour warmth and ethereal mist give it a romantic, dreamy quality that stands apart from typical Halloween imagery. Handpicked for visual harmony, not just aesthetic novelty. Delivered as a crisp 4K file, ready to use.

Includes 7 high-resolution image files at 4K resolution. Use as a desktop wallpaper, virtual Zoom or Teams background, or screen display. Download, unzip, and set — no software needed.

For those who believe the spaces we occupy — even digital ones — should be chosen, not defaulted to.

This product was created using AI and manually curated.

📩 Message me for a free installation guide – available in English, German, Spanish, and Portuguese for Windows, Mac, and Linux. @digipicshop";"https://raw.githubusercontent.com/Susderk/mockup-uploads/main/mockups/2026-09-05/Autumn%20Reverie/1.png";"https://raw.githubusercontent.com/Susderk/mockup-uploads/main/mockups/2026-09-05/Autumn%20Reverie/2.png, https://raw.githubusercontent.com/Susderk/mockup-uploads/main/mockups/2026-09-05/Autumn%20Reverie/3.png, https://raw.githubusercontent.com/Susderk/mockup-uploads/main/mockups/2026-09-05/Autumn%20Reverie/4.png";"999"
"DPS-WP-20260905-0157-002";"https://raw.githubusercontent.com/Susderk/mockup-uploads/main/mockups/2026-09-05/Carved%20Patch%20Dusk/Carved_Patch_Dusk.mp4";"Pumpkin Patch Wallpaper | Moody Halloween 4K Desktop";"2,99";"https://digipicshopdesigns.etsy.com/de/listing/4569280947";"in stock";"new";"Out of dozens of generated variations, this scene made it through for one reason: the light feels right. The color temperature, the depth, the moment of stillness — it works whether you're deep in a focus session or on a video call where the background quietly says something about your taste. A carved pumpkin patch at dusk, framed by twisted bare tree silhouettes and layered bands of mist, rendered in a painterly watercolor style. The muted lavender and peach palette keeps the mood atmospheric without tipping into garish — Halloween aesthetic with restraint. Handpicked for visual harmony, not just seasonal novelty. Delivered as a crisp 4K file, ready to use.

Includes 7 high-resolution image files at 4K resolution. Use as a desktop wallpaper, virtual Zoom or Teams meeting background, or seasonal home-screen art. Simply download, set, and you're done.

For those who believe the spaces we occupy — even digital ones — should be chosen, not defaulted to.

This product was created using AI and manually curated.

📩 Message me for a free installation guide – available in English, German, Spanish, and Portuguese for Windows, Mac, and Linux. @digipicshop";"https://raw.githubusercontent.com/Susderk/mockup-uploads/main/mockups/2026-09-05/Carved%20Patch%20Dusk/1.png";"https://raw.githubusercontent.com/Susderk/mockup-uploads/main/mockups/2026-09-05/Carved%20Patch%20Dusk/2.png, https://raw.githubusercontent.com/Susderk/mockup-uploads/main/mockups/2026-09-05/Carved%20Patch%20Dusk/3.png, https://raw.githubusercontent.com/Susderk/mockup-uploads/main/mockups/2026-09-05/Carved%20Patch%20Dusk/4.png";"999"
"DPS-WP-20260905-0157-003";"https://raw.githubusercontent.com/Susderk/mockup-uploads/main/mockups/2026-09-05/Moonlit%20Tower/Moonlit_Tower.mp4";"Gothic Tower Wallpaper | Moody Watercolor 4K";"2,99";"https://digipicshopdesigns.etsy.com/de/listing/4569281207";"in stock";"new";"Out of dozens of generated variations, this scene made it through for one reason: the light feels right. A crumbling stone tower wreathed in circling bats, a luminous full moon overhead, and a landscape caught between fire and frost — warm reds and burnt oranges bleeding into a snow-covered stillness below. The watercolor treatment keeps it painterly and dreamlike, never heavy. The color temperature, the depth, the moment of quiet drama — it works whether you're deep in a focus session or on a video call where the background quietly says something about your taste. Handpicked for visual harmony, not just aesthetic novelty. Delivered as a crisp 4K file, ready to use.

Includes 7 high-resolution image files at 4K resolution. Use as a desktop wallpaper or virtual Zoom/Teams background. Simply download, unzip, and set your preferred file as your background — no software required.

For those who believe the spaces we occupy — even digital ones — should be chosen, not defaulted to.

This product was created using AI and manually curated.

📩 Message me for a free installation guide – available in English, German, Spanish, and Portuguese for Windows, Mac, and Linux. @digipicshop";"https://raw.githubusercontent.com/Susderk/mockup-uploads/main/mockups/2026-09-05/Moonlit%20Tower/1.png";"https://raw.githubusercontent.com/Susderk/mockup-uploads/main/mockups/2026-09-05/Moonlit%20Tower/2.png, https://raw.githubusercontent.com/Susderk/mockup-uploads/main/mockups/2026-09-05/Moonlit%20Tower/3.png, https://raw.githubusercontent.com/Susderk/mockup-uploads/main/mockups/2026-09-05/Moonlit%20Tower/4.png";"999"
"DPS-WP-20260905-0157-004";"https://raw.githubusercontent.com/Susderk/mockup-uploads/main/mockups/2026-09-05/Spooky%20Pastel%20Candy/Spooky_Pastel_Candy.mp4";"Halloween Porch Wallpaper | Pastel Goth 4K Desktop";"2,99";"https://digipicshopdesigns.etsy.com/de/listing/4569294362";"in stock";"new";"Out of dozens of generated variations, this scene made it through for one reason: the light feels right. A candy-filled porch draped in cobwebs and skeleton decorations, rendered in cool arctic blue and soft pastel gradients — the twilight atmosphere sits somewhere between eerie and quietly beautiful. The color temperature, the haze, the suspended stillness of it — it works whether you're deep in a focus session or on a video call where the background says something about your taste without trying too hard. Handpicked for visual harmony, not just aesthetic novelty. Delivered as a crisp 4K file, ready to use.

What's included: 6 high-resolution image files at 4K resolution.
Use it as a desktop wallpaper or virtual Zoom / Teams meeting background.
How to use: Download, unzip if needed, set as background in your OS or video-call app — done in under a minute.

For those who believe the spaces we occupy — even digital ones — should be chosen, not defaulted to.

This product was created using AI and manually curated.

📩 Message me for a free installation guide – available in English, German, Spanish, and Portuguese for Windows, Mac, and Linux. @digipicshop";"https://raw.githubusercontent.com/Susderk/mockup-uploads/main/mockups/2026-09-05/Spooky%20Pastel%20Candy/1.png";"https://raw.githubusercontent.com/Susderk/mockup-uploads/main/mockups/2026-09-05/Spooky%20Pastel%20Candy/2.png, https://raw.githubusercontent.com/Susderk/mockup-uploads/main/mockups/2026-09-05/Spooky%20Pastel%20Candy/3.png, https://raw.githubusercontent.com/Susderk/mockup-uploads/main/mockups/2026-09-05/Spooky%20Pastel%20Candy/4.png";"999"
"DPS-WP-20260905-0157-005";"https://raw.githubusercontent.com/Susderk/mockup-uploads/main/mockups/2026-09-05/Maze%20Guardian/Maze_Guardian.mp4";"Geometric Scarecrow Wallpaper | Moody Midnight 4K";"2,99";"https://digipicshopdesigns.etsy.com/de/listing/4569294616";"in stock";"new";"Out of dozens of generated variations, this scene made it through for one reason: the light feels right. The high-contrast black and white palette, the low-poly geometric scarecrow suspended over a moonlit corn maze from above — the drama, the stillness, the weight of a stormy midnight sky — it works whether you're deep in a focus session or on a video call where the background quietly says something about your taste. Handpicked for visual harmony, not just aesthetic novelty. Delivered as a crisp 4K file, ready to use.

Includes 7 high-resolution image files at 4K resolution. Works as a desktop wallpaper on any screen, or as a Zoom, Teams, or Google Meet virtual background. To use: download, unzip, and set as your desktop or upload directly to your video call platform. No physical item is shipped.

For those who believe the spaces we occupy — even digital ones — should be chosen, not defaulted to.

This product was created using AI and manually curated.

📩 Message me for a free installation guide – available in English, German, Spanish, and Portuguese for Windows, Mac, and Linux. @digipicshop";"https://raw.githubusercontent.com/Susderk/mockup-uploads/main/mockups/2026-09-05/Maze%20Guardian/1.png";"https://raw.githubusercontent.com/Susderk/mockup-uploads/main/mockups/2026-09-05/Maze%20Guardian/2.png, https://raw.githubusercontent.com/Susderk/mockup-uploads/main/mockups/2026-09-05/Maze%20Guardian/3.png, https://raw.githubusercontent.com/Susderk/mockup-uploads/main/mockups/2026-09-05/Maze%20Guardian/4.png";"999"
"DPS-CAL-20260905-0157-001";"https://raw.githubusercontent.com/Susderk/mockup-uploads/main/mockups/2026-09-05/Retro%20Love%20Boutique/Retro_Love_Boutique.mp4";"Synthwave Gift Shop Wallpaper | Retro 80s 4K Desktop";"2,99";"https://digipicshopdesigns.etsy.com/de/listing/4569295142";"in stock";"new";"Out of dozens of generated variations, this scene made it through for one reason: the light feels right. The color temperature, the depth, the moment of stillness — it works whether you're deep in a focus session or on a video call where the background quietly says something about your taste. A retro 80s synthwave gift shop interior, shelves lined with plush toys and greeting cards, forest green and warm brown tones washed in luminous daylight — vibrant yet calm, nostalgic yet focused. Handpicked for visual harmony, not just aesthetic novelty. Delivered as a crisp 4K file, ready to use.

Includes 7 high-resolution image files at 4K resolution — sized for desktop wallpaper and Zoom or Teams video call backgrounds. Download, set, done.

For those who believe the spaces we occupy — even digital ones — should be chosen, not defaulted to.

This product was created using AI and manually curated.

📩 Message me for a free installation guide – available in English, German, Spanish, and Portuguese for Windows, Mac, and Linux. @digipicshop";"https://raw.githubusercontent.com/Susderk/mockup-uploads/main/mockups/2026-09-05/Retro%20Love%20Boutique/1.png";"https://raw.githubusercontent.com/Susderk/mockup-uploads/main/mockups/2026-09-05/Retro%20Love%20Boutique/2.png, https://raw.githubusercontent.com/Susderk/mockup-uploads/main/mockups/2026-09-05/Retro%20Love%20Boutique/3.png, https://raw.githubusercontent.com/Susderk/mockup-uploads/main/mockups/2026-09-05/Retro%20Love%20Boutique/4.png";"999"
"DPS-CAL-20260905-0157-002";"https://raw.githubusercontent.com/Susderk/mockup-uploads/main/mockups/2026-09-05/Willows%20Water/Willows_Water.mp4";"Synthwave Canal Boat Wallpaper | Retro 80s Spring 4K";"2,99";"https://digipicshopdesigns.etsy.com/de/listing/4569282643";"in stock";"new";"Out of dozens of generated variations, this scene made it through for one reason: the light feels right. The color temperature, the depth, the moment of stillness — it works whether you're deep in a focus session or on a video call where the background quietly says something about your taste. Handpicked for visual harmony, not just aesthetic novelty. Delivered as a crisp 4K file, ready to use.

A retro synthwave canal boat moored beneath weeping willows in fresh spring foliage — rendered in forest green and warm brown tones with a soft luminous haze. Vibrant yet nostalgic, optimistic yet calm.

Includes 7 high-resolution image files at 4K resolution — sized for desktop wallpaper and Zoom or Teams video call backgrounds. Download, set, done.

For those who believe the spaces we occupy — even digital ones — should be chosen, not defaulted to.

This product was created using AI and manually curated.

📩 Message me for a free installation guide – available in English, German, Spanish, and Portuguese for Windows, Mac, and Linux. @digipicshop";"https://raw.githubusercontent.com/Susderk/mockup-uploads/main/mockups/2026-09-05/Willows%20Water/1.png";"https://raw.githubusercontent.com/Susderk/mockup-uploads/main/mockups/2026-09-05/Willows%20Water/2.png, https://raw.githubusercontent.com/Susderk/mockup-uploads/main/mockups/2026-09-05/Willows%20Water/3.png, https://raw.githubusercontent.com/Susderk/mockup-uploads/main/mockups/2026-09-05/Willows%20Water/4.png";"999"
"DPS-CAL-20260905-0157-003";"https://raw.githubusercontent.com/Susderk/mockup-uploads/main/mockups/2026-09-05/Sweet%20Synthwave/Sweet_Synthwave.mp4";"Easter Bunny Wallpaper | Synthwave Retro 4K Desktop";"2,99";"https://digipicshopdesigns.etsy.com/de/listing/4569295866";"in stock";"new";"Out of dozens of generated variations, this scene made it through for one reason: the light feels right. The color temperature, the depth, the moment of stillness — it works whether you're deep in a focus session or on a video call where the background quietly says something about your taste. A hollow chocolate Easter bunny with a ribbon bow sits on clean white marble, rendered in a retro 80s synthwave palette of forest green and warm brown. Soft negative space and a gentle radial gradient let the motif breathe without crowding the frame. Handpicked for visual harmony, not just aesthetic novelty. Delivered as a crisp 4K file, ready to use.

Includes 7 high-resolution image files at 4K resolution — sized for desktop wallpaper and Zoom or Teams video call backgrounds. Download, set, done.

For those who believe the spaces we occupy — even digital ones — should be chosen, not defaulted to.

This product was created using AI and manually curated.

📩 Message me for a free installation guide – available in English, German, Spanish, and Portuguese for Windows, Mac, and Linux. @digipicshop";"https://raw.githubusercontent.com/Susderk/mockup-uploads/main/mockups/2026-09-05/Sweet%20Synthwave/1.png";"https://raw.githubusercontent.com/Susderk/mockup-uploads/main/mockups/2026-09-05/Sweet%20Synthwave/2.png, https://raw.githubusercontent.com/Susderk/mockup-uploads/main/mockups/2026-09-05/Sweet%20Synthwave/3.png, https://raw.githubusercontent.com/Susderk/mockup-uploads/main/mockups/2026-09-05/Sweet%20Synthwave/4.png";"999"
"DPS-WP-20260906-0211-001";"https://raw.githubusercontent.com/Susderk/mockup-uploads/main/mockups/2026-09-06/Candy%20Cobwebs/Candy_Cobwebs.mp4";"Halloween Candy Wallpaper | Warm Pastel Street Art 4K";"2,99";"https://digipicshopdesigns.etsy.com/de/listing/4569862900";"in stock";"new";"Out of dozens of generated variations, this scene made it through for one reason: the light feels right. The color temperature, the depth, the moment of stillness — it works whether you're deep in a focus session or on a video call where the background quietly says something about your taste. A cobweb-draped porch overflowing with wrapped Halloween candy, rendered in warm sunset pastels with a painterly street-art texture and golden-hour glow. Handpicked for visual harmony, not just aesthetic novelty. Delivered as a crisp 4K file, ready to use.

Includes 7 high-resolution image files at 4K resolution — sized for desktop wallpaper and Zoom or Teams virtual backgrounds. Download, unzip, and set. No special software needed.

For those who believe the spaces we occupy — even digital ones — should be chosen, not defaulted to.

This product was created using AI and manually curated.

📩 Message me for a free installation guide – available in English, German, Spanish, and Portuguese for Windows, Mac, and Linux. @digipicshop";"https://raw.githubusercontent.com/Susderk/mockup-uploads/main/mockups/2026-09-06/Candy%20Cobwebs/1.png";"https://raw.githubusercontent.com/Susderk/mockup-uploads/main/mockups/2026-09-06/Candy%20Cobwebs/2.png, https://raw.githubusercontent.com/Susderk/mockup-uploads/main/mockups/2026-09-06/Candy%20Cobwebs/3.png, https://raw.githubusercontent.com/Susderk/mockup-uploads/main/mockups/2026-09-06/Candy%20Cobwebs/4.png";"999"
"DPS-WP-20260906-0211-002";"https://raw.githubusercontent.com/Susderk/mockup-uploads/main/mockups/2026-09-06/Haunted%20Passage/Haunted_Passage.mp4";"Haunted Mansion Wallpaper | Ethereal Foggy Dawn 4K";"2,99";"https://digipicshopdesigns.etsy.com/de/listing/4569850285";"in stock";"new";"Out of dozens of generated variations, this scene made it through for one reason: the light feels right. The color temperature, the depth, the moment of stillness — a cobweb-draped haunted mansion dissolving into luminous pastel fog, fiery reds and oranges bleeding into the dawn mist. It works whether you're deep in a focus session or on a video call where the background quietly says something about your taste. Handpicked for visual harmony, not just aesthetic novelty. Delivered as a crisp 4K file, ready to use.

This Digital Download includes 7 high-resolution image files at 4K resolution. Optimized for use as a desktop wallpaper and as a Zoom or Teams virtual meeting background. To use: download your files, set as desktop background or upload directly to Zoom/Teams under virtual background settings.

For those who believe the spaces we occupy — even digital ones — should be chosen, not defaulted to.

This product was created using AI and manually curated.

📩 Message me for a free installation guide – available in English, German, Spanish, and Portuguese for Windows, Mac, and Linux. @digipicshop";"https://raw.githubusercontent.com/Susderk/mockup-uploads/main/mockups/2026-09-06/Haunted%20Passage/1.png";"https://raw.githubusercontent.com/Susderk/mockup-uploads/main/mockups/2026-09-06/Haunted%20Passage/2.png, https://raw.githubusercontent.com/Susderk/mockup-uploads/main/mockups/2026-09-06/Haunted%20Passage/3.png, https://raw.githubusercontent.com/Susderk/mockup-uploads/main/mockups/2026-09-06/Haunted%20Passage/4.png";"999"
"DPS-WP-20260906-0211-003";"https://raw.githubusercontent.com/Susderk/mockup-uploads/main/mockups/2026-09-06/Turquoise%20Grotto/Turquoise_Grotto.mp4";"Hidden Grotto Wallpaper | Serene Blue Cave 4K";"2,99";"https://digipicshopdesigns.etsy.com/de/listing/4569863380";"in stock";"new";"Some workspaces need a horizon. This scene brings in natural light, open distance, and the kind of quiet that makes focused work feel less confined. A hidden grotto, still turquoise water, and a deep monochrome blue palette — grounding without being decorative. The kind of background that doesn't compete with what's on screen, but gives the room a different quality of air. Works for video calls, deep work sessions, and spaces that need to feel a little less like offices.

This is a Digital Download. You receive 7 high-resolution image files at 4K resolution — no physical product will be shipped.

Use as a desktop wallpaper on any device, or set it as your Zoom or Microsoft Teams virtual background. Simply download, save, and apply.

Made for anyone who wants their workspace to feel less like infrastructure and more like a place worth being.

This product was created using AI and manually curated.

📩 Message me for a free installation guide – available in English, German, Spanish, and Portuguese for Windows, Mac, and Linux. @digipicshop";"https://raw.githubusercontent.com/Susderk/mockup-uploads/main/mockups/2026-09-06/Turquoise%20Grotto/1.png";"https://raw.githubusercontent.com/Susderk/mockup-uploads/main/mockups/2026-09-06/Turquoise%20Grotto/2.png, https://raw.githubusercontent.com/Susderk/mockup-uploads/main/mockups/2026-09-06/Turquoise%20Grotto/3.png, https://raw.githubusercontent.com/Susderk/mockup-uploads/main/mockups/2026-09-06/Turquoise%20Grotto/4.png";"999"
"DPS-WP-20260906-0211-004";"https://raw.githubusercontent.com/Susderk/mockup-uploads/main/mockups/2026-09-06/DewKissed%20Stillness/DewKissed_Stillness.mp4";"Spider Web Wallpaper | Moody Black White Dewdrop 4K";"2,99";"https://digipicshopdesigns.etsy.com/de/listing/4569850807";"in stock";"new";"Out of dozens of generated variations, this scene made it through for one reason: the light feels right. The color temperature, the depth, the moment of stillness — it works whether you're deep in a focus session or on a video call where the background quietly says something about your taste. A spider web heavy with dawn dewdrops, rendered in high-contrast black and white — the silk strands catch a cold October light, each droplet holding its own quiet glow. Handpicked for visual harmony, not just aesthetic novelty. Delivered as a crisp 4K file, ready to use.

Includes 7 high-resolution image files at 4K resolution. Use as a desktop wallpaper, virtual Zoom or Teams background, or widescreen screensaver. To apply: download, save to your device, and set as background in your OS or video-call settings.

For those who believe the spaces we occupy — even digital ones — should be chosen, not defaulted to.

This product was created using AI and manually curated.

📩 Message me for a free installation guide – available in English, German, Spanish, and Portuguese for Windows, Mac, and Linux. @digipicshop";"https://raw.githubusercontent.com/Susderk/mockup-uploads/main/mockups/2026-09-06/DewKissed%20Stillness/1.png";"https://raw.githubusercontent.com/Susderk/mockup-uploads/main/mockups/2026-09-06/DewKissed%20Stillness/2.png, https://raw.githubusercontent.com/Susderk/mockup-uploads/main/mockups/2026-09-06/DewKissed%20Stillness/3.png, https://raw.githubusercontent.com/Susderk/mockup-uploads/main/mockups/2026-09-06/DewKissed%20Stillness/4.png";"999"
"DPS-WP-20260906-0211-005";"https://raw.githubusercontent.com/Susderk/mockup-uploads/main/mockups/2026-09-06/Moonlit%20Sentinels/Moonlit_Sentinels.mp4";"Black Cat Moon Wallpaper | Moody Nocturnal 4K";"2,99";"https://digipicshopdesigns.etsy.com/de/listing/4569851095";"in stock";"new";"Out of dozens of generated variations, this scene made it through for one reason: the light feels right. The color temperature, the depth, the moment of stillness — it works whether you're deep in a focus session or on a video call where the background quietly says something about your taste. Black cats perched on a weathered fence, bare branches reaching into a luminous full moon, the whole composition drawing the eye inward through darkness. Grayscale gradients, ethereal moonlit atmosphere, and a tunnel effect that gives the image quiet drama without noise. Handpicked for visual harmony, not just aesthetic novelty. Delivered as a crisp 4K file, ready to use.

Included: 7 high-resolution image files at 4K resolution.
Use as a desktop wallpaper, virtual Zoom background, or Microsoft Teams backdrop.
How to use: download, set as wallpaper in your OS settings, or upload directly to Zoom or Teams.

For those who believe the spaces we occupy — even digital ones — should be chosen, not defaulted to.

This product was created using AI and manually curated.

📩 Message me for a free installation guide – available in English, German, Spanish, and Portuguese for Windows, Mac, and Linux. @digipicshop";"https://raw.githubusercontent.com/Susderk/mockup-uploads/main/mockups/2026-09-06/Moonlit%20Sentinels/1.png";"https://raw.githubusercontent.com/Susderk/mockup-uploads/main/mockups/2026-09-06/Moonlit%20Sentinels/2.png, https://raw.githubusercontent.com/Susderk/mockup-uploads/main/mockups/2026-09-06/Moonlit%20Sentinels/3.png, https://raw.githubusercontent.com/Susderk/mockup-uploads/main/mockups/2026-09-06/Moonlit%20Sentinels/4.png";"999"
"DPS-CAL-20260906-0211-002";"https://raw.githubusercontent.com/Susderk/mockup-uploads/main/mockups/2026-09-06/Canyon%20Arch%20Glow/Canyon_Arch_Glow.mp4";"Canyon Arch Wallpaper | Synthwave Retro 4K Desktop";"2,99";"https://digipicshopdesigns.etsy.com/de/listing/4569864382";"in stock";"new";"Out of dozens of generated variations, this scene made it through for one reason: the light feels right. A sunlit canyon arch rendered in a retro 80s synthwave palette — forest green meeting warm brown under luminous daylight haze, dramatic shadows anchoring the composition while generous negative space lets the motif breathe. The color temperature, the depth, the moment of stillness — it works whether you're deep in a focus session or on a video call where the background quietly says something about your taste. Handpicked for visual harmony, not just aesthetic novelty. Delivered as a crisp 4K file, ready to use.

Includes 7 high-resolution image files at 4K resolution. Perfect as a desktop wallpaper or virtual meeting backdrop for Zoom and Microsoft Teams. Simply download, set as background, and you're done.

For those who believe the spaces we occupy — even digital ones — should be chosen, not defaulted to.

This product was created using AI and manually curated.

📩 Message me for a free installation guide – available in English, German, Spanish, and Portuguese for Windows, Mac, and Linux. @digipicshop";"https://raw.githubusercontent.com/Susderk/mockup-uploads/main/mockups/2026-09-06/Canyon%20Arch%20Glow/1.png";"https://raw.githubusercontent.com/Susderk/mockup-uploads/main/mockups/2026-09-06/Canyon%20Arch%20Glow/2.png, https://raw.githubusercontent.com/Susderk/mockup-uploads/main/mockups/2026-09-06/Canyon%20Arch%20Glow/3.png, https://raw.githubusercontent.com/Susderk/mockup-uploads/main/mockups/2026-09-06/Canyon%20Arch%20Glow/4.png";"999"
"DPS-CAL-20260906-0211-003";"https://raw.githubusercontent.com/Susderk/mockup-uploads/main/mockups/2026-09-06/Barley%20Waves/Barley_Waves.mp4";"Synthwave Barley Field Wallpaper | Retro Summer 4K";"2,99";"https://digipicshopdesigns.etsy.com/de/listing/4569851935";"in stock";"new";"Out of dozens of generated variations, this scene made it through for one reason: the light feels right. A sun-drenched barley field rippling like water under a late-day summer sky — rendered in a retro 80s synthwave palette of forest greens, warm browns, and golden amber. The color temperature, the depth, the moment of stillness — it works whether you're deep in a focus session or on a video call where the background quietly says something about your taste. Handpicked for visual harmony, not just aesthetic novelty. Delivered as a crisp 4K file, ready to use.

Includes 7 high-resolution image files at 4K resolution. Works as a desktop wallpaper and as a Zoom or Teams background. Simply download, set as background, and you're done.

For those who believe the spaces we occupy — even digital ones — should be chosen, not defaulted to.

This product was created using AI and manually curated.

📩 Message me for a free installation guide – available in English, German, Spanish, and Portuguese for Windows, Mac, and Linux. @digipicshop";"https://raw.githubusercontent.com/Susderk/mockup-uploads/main/mockups/2026-09-06/Barley%20Waves/1.png";"https://raw.githubusercontent.com/Susderk/mockup-uploads/main/mockups/2026-09-06/Barley%20Waves/2.png, https://raw.githubusercontent.com/Susderk/mockup-uploads/main/mockups/2026-09-06/Barley%20Waves/3.png, https://raw.githubusercontent.com/Susderk/mockup-uploads/main/mockups/2026-09-06/Barley%20Waves/4.png";"999"
"DPS-WP-20260907-0204-001";"https://raw.githubusercontent.com/Susderk/mockup-uploads/main/mockups/2026-09-07/Neon%20Mirage/Neon_Mirage.mp4";"Neon Gas Station Wallpaper | Noir Desert 4K Desktop";"2,99";"https://digipicshopdesigns.etsy.com/de/listing/4570388170";"in stock";"new";"Built for screens that mean business. The color palette pulls from digital infrastructure — the kind of visual language that shows up in server rooms, late-night coding sessions, and setups where the aesthetic is part of the workflow. High contrast, layered depth, and enough visual tension to keep things interesting without becoming noise. A background that matches the energy of the work.

This listing includes 6 high-resolution image files, all in 4K resolution, featuring a moody neon-lit gas station on a wet desert highway at night, rendered in a striking black-and-white watercolor-photoreal blend. Perfectly suited as a desktop wallpaper or as a virtual meeting backdrop for Zoom and Teams calls. Simply download and set as your background — no editing needed.

This is a Digital Download — no physical item will be shipped.

For setups where the aesthetic isn't decoration — it's signal.

This product was created using AI and manually curated.

📩 Message me for a free installation guide – available in English, German, Spanish, and Portuguese for Windows, Mac, and Linux. @digipicshop";"https://raw.githubusercontent.com/Susderk/mockup-uploads/main/mockups/2026-09-07/Neon%20Mirage/1.png";"https://raw.githubusercontent.com/Susderk/mockup-uploads/main/mockups/2026-09-07/Neon%20Mirage/2.png, https://raw.githubusercontent.com/Susderk/mockup-uploads/main/mockups/2026-09-07/Neon%20Mirage/3.png, https://raw.githubusercontent.com/Susderk/mockup-uploads/main/mockups/2026-09-07/Neon%20Mirage/4.png";"999"
"DPS-WP-20260907-0204-002";"https://raw.githubusercontent.com/Susderk/mockup-uploads/main/mockups/2026-09-07/Apothecary%20Calm/Apothecary_Calm.mp4";"Apothecary Pharmacy Wallpaper | Purple Cyan 4K Desktop";"2,99";"https://digipicshopdesigns.etsy.com/de/listing/4570388422";"in stock";"new";"Out of dozens of generated variations, this scene made it through for one reason: the light feels right. The color temperature, the depth, the moment of stillness — it works whether you're deep in a focus session or on a video call where the background quietly says something about your taste. Handpicked for visual harmony, not just aesthetic novelty. Delivered as a crisp 4K file, ready to use.

This apothecary-inspired scene features glass bottles and jars bathed in deep purple and cyan tones, with soft luminous light drifting across the frame for a calm, professional mood.

This is a Digital Download featuring 7 high-resolution image files, all in 4K resolution. Use them as a desktop wallpaper or as a Zoom, Teams, and virtual meeting backdrop. Simply download and set as your background — no extra steps needed.

For those who believe the spaces we occupy — even digital ones — should be chosen, not defaulted to.

This product was created using AI and manually curated.

📩 Message me for a free installation guide – available in English, German, Spanish, and Portuguese for Windows, Mac, and Linux. @digipicshop";"https://raw.githubusercontent.com/Susderk/mockup-uploads/main/mockups/2026-09-07/Apothecary%20Calm/1.png";"https://raw.githubusercontent.com/Susderk/mockup-uploads/main/mockups/2026-09-07/Apothecary%20Calm/2.png, https://raw.githubusercontent.com/Susderk/mockup-uploads/main/mockups/2026-09-07/Apothecary%20Calm/3.png, https://raw.githubusercontent.com/Susderk/mockup-uploads/main/mockups/2026-09-07/Apothecary%20Calm/4.png";"999"
"DPS-WP-20260907-0204-003";"https://raw.githubusercontent.com/Susderk/mockup-uploads/main/mockups/2026-09-07/Lavender%20Moonlit/Lavender_Moonlit.mp4";"Gothic Iron Gate Wallpaper | Moody Pastel 4K Desktop";"2,99";"https://digipicshopdesigns.etsy.com/de/listing/4570388706";"in stock";"new";"Out of dozens of generated variations, this scene made it through for one reason: the light feels right. The color temperature, the depth, the moment of stillness — it works whether you're deep in a focus session or on a video call where the background quietly says something about your taste. Handpicked for visual harmony, not just aesthetic novelty. Delivered as a crisp 4K file, ready to use.

This listing includes 7 high-resolution image files, all in 4K resolution — a haunting gothic iron gate draped in cobwebs, opening onto a moonlit path, rendered in soft pastel lavender and peach gradients. A digital download, ready to use the moment you need it.

Use it as a desktop wallpaper, or set it as your background for Zoom, Teams, and other virtual meetings. Simply download the file and apply it directly through your device or video-call app settings.

For those who believe the spaces we occupy — even digital ones — should be chosen, not defaulted to.

This product was created using AI and manually curated.

📩 Message me for a free installation guide – available in English, German, Spanish, and Portuguese for Windows, Mac, and Linux. @digipicshop";"https://raw.githubusercontent.com/Susderk/mockup-uploads/main/mockups/2026-09-07/Lavender%20Moonlit/1.png";"https://raw.githubusercontent.com/Susderk/mockup-uploads/main/mockups/2026-09-07/Lavender%20Moonlit/2.png, https://raw.githubusercontent.com/Susderk/mockup-uploads/main/mockups/2026-09-07/Lavender%20Moonlit/3.png, https://raw.githubusercontent.com/Susderk/mockup-uploads/main/mockups/2026-09-07/Lavender%20Moonlit/4.png";"999"
"DPS-WP-20260907-0204-004";"https://raw.githubusercontent.com/Susderk/mockup-uploads/main/mockups/2026-09-07/Golden%20Hour/Golden_Hour.mp4";"Golden Hour Window Wallpaper | Dreamy 4K Plants";"2,99";"https://digipicshopdesigns.etsy.com/de/listing/4570389004";"in stock";"new";"Out of dozens of generated variations, this scene made it through for one reason: the light feels right. The color temperature, the depth, the moment of stillness — it works whether you're deep in a focus session or on a video call where the background quietly says something about your taste. Handpicked for visual harmony, not just aesthetic novelty. Delivered as a crisp 4K file, ready to use.

This Digital Download includes 7 high-resolution image files, all in 4K resolution, featuring potted plants silhouetted against a hazy, golden-lit window in soft desaturated tones. Use it as a desktop wallpaper to set a calm, dreamy tone for your workspace, or as a Zoom or Teams background for a softer, more atmospheric meeting presence. Simply download and set as your background or upload directly to your video call platform.

For those who believe the spaces we occupy — even digital ones — should be chosen, not defaulted to.

This product was created using AI and manually curated.

📩 Message me for a free installation guide – available in English, German, Spanish, and Portuguese for Windows, Mac, and Linux. @digipicshop";"https://raw.githubusercontent.com/Susderk/mockup-uploads/main/mockups/2026-09-07/Golden%20Hour/1.png";"https://raw.githubusercontent.com/Susderk/mockup-uploads/main/mockups/2026-09-07/Golden%20Hour/2.png, https://raw.githubusercontent.com/Susderk/mockup-uploads/main/mockups/2026-09-07/Golden%20Hour/3.png, https://raw.githubusercontent.com/Susderk/mockup-uploads/main/mockups/2026-09-07/Golden%20Hour/4.png";"999"
"DPS-WP-20260907-0204-005";"https://raw.githubusercontent.com/Susderk/mockup-uploads/main/mockups/2026-09-07/Candy%20Basket%20Shadows/Candy_Basket_Shadows.mp4";"Halloween Candy Basket Wallpaper | Moody Blue Watercolor 4K";"2,99";"https://digipicshopdesigns.etsy.com/de/listing/4570374049";"in stock";"new";"Out of dozens of generated variations, this scene made it through for one reason: the light feels right. The color temperature, the depth, the moment of stillness — it works whether you're deep in a focus session or on a video call where the background quietly says something about your taste. Handpicked for visual harmony, not just aesthetic novelty. Delivered as a crisp 4K file, ready to use.

This listing includes 7 high-resolution image files, all in 4K resolution, featuring a painterly watercolor Halloween candy basket on a cobweb-draped porch, rendered in deep monochrome blue tones with a soft, luminous haze. Perfect as a desktop wallpaper or a Zoom and Teams video call background for the spooky season. Simply download and set as your screen or virtual meeting backdrop in seconds.

For those who believe the spaces we occupy — even digital ones — should be chosen, not defaulted to.

This product was created using AI and manually curated.

📩 Message me for a free installation guide – available in English, German, Spanish, and Portuguese for Windows, Mac, and Linux. @digipicshop";"https://raw.githubusercontent.com/Susderk/mockup-uploads/main/mockups/2026-09-07/Candy%20Basket%20Shadows/1.png";"https://raw.githubusercontent.com/Susderk/mockup-uploads/main/mockups/2026-09-07/Candy%20Basket%20Shadows/2.png, https://raw.githubusercontent.com/Susderk/mockup-uploads/main/mockups/2026-09-07/Candy%20Basket%20Shadows/3.png, https://raw.githubusercontent.com/Susderk/mockup-uploads/main/mockups/2026-09-07/Candy%20Basket%20Shadows/4.png";"999"
"DPS-CAL-20260907-0204-001";"https://raw.githubusercontent.com/Susderk/mockup-uploads/main/mockups/2026-09-07/Neon%20Library%20Glow/Neon_Library_Glow.mp4";"Synthwave Library Wallpaper | Golden Hour 4K Desktop";"2,99";"https://digipicshopdesigns.etsy.com/de/listing/4570389854";"in stock";"new";"Out of dozens of generated variations, this scene made it through for one reason: the light feels right. The color temperature, the depth, the moment of stillness — it works whether you're deep in a focus session or on a video call where the background quietly says something about your taste. Handpicked for visual harmony, not just aesthetic novelty. Delivered as a crisp 4K file, ready to use.

This listing includes 7 high-resolution image files, all in 4K resolution, featuring a sunlit library filled with warm greens and browns, touched with retro synthwave neon accents. A Digital Download you can use instantly as a desktop wallpaper or as a Zoom/Teams virtual meeting backdrop. Simply download and set as your background — no printing, no shipping, no waiting.

For those who believe the spaces we occupy — even digital ones — should be chosen, not defaulted to.

This product was created using AI and manually curated.

📩 Message me for a free installation guide – available in English, German, Spanish, and Portuguese for Windows, Mac, and Linux. @digipicshop";"https://raw.githubusercontent.com/Susderk/mockup-uploads/main/mockups/2026-09-07/Neon%20Library%20Glow/1.png";"https://raw.githubusercontent.com/Susderk/mockup-uploads/main/mockups/2026-09-07/Neon%20Library%20Glow/2.png, https://raw.githubusercontent.com/Susderk/mockup-uploads/main/mockups/2026-09-07/Neon%20Library%20Glow/3.png, https://raw.githubusercontent.com/Susderk/mockup-uploads/main/mockups/2026-09-07/Neon%20Library%20Glow/4.png";"999"
"DPS-CAL-20260907-0204-002";"https://raw.githubusercontent.com/Susderk/mockup-uploads/main/mockups/2026-09-07/Midnight%20Encore/Midnight_Encore.mp4";"Retro Synthwave Accordion Wallpaper | Festival 4K Desktop";"2,99";"https://digipicshopdesigns.etsy.com/de/listing/4570390198";"in stock";"new";"Out of dozens of generated variations, this scene made it through for one reason: the light feels right. The color temperature, the depth, the moment of stillness — it works whether you're deep in a focus session or on a video call where the background quietly says something about your taste. Handpicked for visual harmony, not just aesthetic novelty. Delivered as a crisp 4K file, ready to use.

This listing is a Digital Download featuring a retro synthwave scene: an accordion resting on a small stage, abandoned dancing shoes beneath it, surrounded by warm festival lights in a forest green and brown palette. You'll receive 6 high-resolution image files, all in 4K resolution.

Use them as a desktop wallpaper to bring some nostalgic warmth to your screen, or set one as your Zoom or Teams background for meetings with a bit more character. Simply download, then set as your wallpaper or upload directly into your video call platform.

For those who believe the spaces we occupy — even digital ones — should be chosen, not defaulted to.

This product was created using AI and manually curated.

📩 Message me for a free installation guide – available in English, German, Spanish, and Portuguese for Windows, Mac, and Linux. @digipicshop";"https://raw.githubusercontent.com/Susderk/mockup-uploads/main/mockups/2026-09-07/Midnight%20Encore/1.png";"https://raw.githubusercontent.com/Susderk/mockup-uploads/main/mockups/2026-09-07/Midnight%20Encore/2.png, https://raw.githubusercontent.com/Susderk/mockup-uploads/main/mockups/2026-09-07/Midnight%20Encore/3.png, https://raw.githubusercontent.com/Susderk/mockup-uploads/main/mockups/2026-09-07/Midnight%20Encore/4.png";"999"
"DPS-CAL-20260907-0204-003";"https://raw.githubusercontent.com/Susderk/mockup-uploads/main/mockups/2026-09-07/Witchy%20Garden%20Glow/Witchy_Garden_Glow.mp4";"Witch Hat Synthwave Wallpaper | Autumn 4K Desktop";"2,99";"https://digipicshopdesigns.etsy.com/de/listing/4570390542";"in stock";"new";"Out of dozens of generated variations, this scene made it through for one reason: the light feels right. The color temperature, the depth, the moment of stillness — it works whether you're deep in a focus session or on a video call where the background quietly says something about your taste. Handpicked for visual harmony, not just aesthetic novelty. Delivered as a crisp 4K file, ready to use.

This Digital Download includes 7 high-resolution image files, all in 4K resolution, featuring a witch hat and broomstick resting against a weathered stone garden wall, rendered in retro synthwave tones of forest green and warm brown under bright daylight.

Use it as a desktop wallpaper to refresh your workspace, or set it as your Zoom or Teams background for meetings. Simply download and apply the file to your device or video call platform of choice.

For those who believe the spaces we occupy — even digital ones — should be chosen, not defaulted to.

This product was created using AI and manually curated.

📩 Message me for a free installation guide – available in English, German, Spanish, and Portuguese for Windows, Mac, and Linux. @digipicshop";"https://raw.githubusercontent.com/Susderk/mockup-uploads/main/mockups/2026-09-07/Witchy%20Garden%20Glow/1.png";"https://raw.githubusercontent.com/Susderk/mockup-uploads/main/mockups/2026-09-07/Witchy%20Garden%20Glow/2.png, https://raw.githubusercontent.com/Susderk/mockup-uploads/main/mockups/2026-09-07/Witchy%20Garden%20Glow/3.png, https://raw.githubusercontent.com/Susderk/mockup-uploads/main/mockups/2026-09-07/Witchy%20Garden%20Glow/4.png";"999"
"DPS-WP-20260908-0210-001";"https://raw.githubusercontent.com/Susderk/mockup-uploads/main/mockups/2026-09-08/Medieval%20Market/Medieval_Market.mp4";"Low Poly Medieval Market Wallpaper | Moody Teal 4K";"2,99";"https://digipicshopdesigns.etsy.com/de/listing/4571023112";"in stock";"new";"Out of dozens of generated variations, this scene made it through for one reason: the light feels right. The color temperature, the depth, the moment of stillness — it works whether you're deep in a focus session or on a video call where the background quietly says something about your taste. Handpicked for visual harmony, not just aesthetic novelty. Delivered as a crisp 4K file, ready to use.

This listing is a Digital Download featuring 7 high-resolution image files, all in 4K resolution. The scene reimagines a medieval village market as a low-poly geometric composition, rendered in muted teal and coral with soft watercolor-like transitions and a moody, painterly atmosphere.

Use it as a desktop wallpaper to set the mood on your screen, or as a Zoom or Teams background for video calls. Simply download, then set as your wallpaper or upload directly into your video call app's background settings.

For those who believe the spaces we occupy — even digital ones — should be chosen, not defaulted to.

This product was created using AI and manually curated.

📩 Message me for a free installation guide – available in English, German, Spanish, and Portuguese for Windows, Mac, and Linux. @digipicshop";"https://raw.githubusercontent.com/Susderk/mockup-uploads/main/mockups/2026-09-08/Medieval%20Market/1.png";"https://raw.githubusercontent.com/Susderk/mockup-uploads/main/mockups/2026-09-08/Medieval%20Market/2.png, https://raw.githubusercontent.com/Susderk/mockup-uploads/main/mockups/2026-09-08/Medieval%20Market/3.png, https://raw.githubusercontent.com/Susderk/mockup-uploads/main/mockups/2026-09-08/Medieval%20Market/4.png";"999"
"DPS-WP-20260908-0210-002";"https://raw.githubusercontent.com/Susderk/mockup-uploads/main/mockups/2026-09-08/Neon%20Autumn%20Night/Neon_Autumn_Night.mp4";"Synthwave Autumn Street Wallpaper | Moody 4K Desktop";"2,99";"https://digipicshopdesigns.etsy.com/de/listing/4571008329";"in stock";"new";"Built for screens that mean business. The color palette pulls from digital infrastructure — the kind of visual language that shows up in server rooms, late-night coding sessions, and setups where the aesthetic is part of the workflow. High contrast, layered depth, and enough visual tension to keep things interesting without becoming noise. A background that matches the energy of the work.

This listing includes 7 high-resolution image files, all delivered in 4K resolution, of a lantern-lit autumn street glowing beneath a full harvest moon in deep monochrome blue. This is a Digital Download — no physical item will be shipped.

Use it as a desktop wallpaper to set the mood for focused work, or switch it in as your Zoom or Teams background for meetings that could use a little more atmosphere. Simply download, then set as your screen background or upload it to your preferred video-call platform.

For setups where the aesthetic isn't decoration — it's signal.

This product was created using AI and manually curated.

📩 Message me for a free installation guide – available in English, German, Spanish, and Portuguese for Windows, Mac, and Linux. @digipicshop";"https://raw.githubusercontent.com/Susderk/mockup-uploads/main/mockups/2026-09-08/Neon%20Autumn%20Night/1.png";"https://raw.githubusercontent.com/Susderk/mockup-uploads/main/mockups/2026-09-08/Neon%20Autumn%20Night/2.png, https://raw.githubusercontent.com/Susderk/mockup-uploads/main/mockups/2026-09-08/Neon%20Autumn%20Night/3.png, https://raw.githubusercontent.com/Susderk/mockup-uploads/main/mockups/2026-09-08/Neon%20Autumn%20Night/4.png";"999"
"DPS-WP-20260908-0210-003";"https://raw.githubusercontent.com/Susderk/mockup-uploads/main/mockups/2026-09-08/Neon%20Barn%20Glow/Neon_Barn_Glow.mp4";"Rustic Barn Barrel Wallpaper | Moody B&W 4K Desktop";"2,99";"https://digipicshopdesigns.etsy.com/de/listing/4571023742";"in stock";"new";"Out of dozens of generated variations, this scene made it through for one reason: the light feels right. The color temperature, the depth, the moment of stillness — it works whether you're deep in a focus session or on a video call where the background quietly says something about your taste. Handpicked for visual harmony, not just aesthetic novelty. Delivered as a crisp 4K file, ready to use.

This listing includes 7 high-resolution image files, all rendered in 4K resolution. A moody black-and-white barn scene with a wooden barrel, floating apples, candlelight, and subtle neon accents — rustic yet striking, calm yet full of texture. Perfectly suited as a desktop wallpaper or as a Zoom, Teams, and virtual meeting background. Simply download and set as your screen background or upload directly to your video call platform of choice.

For those who believe the spaces we occupy — even digital ones — should be chosen, not defaulted to.

This product was created using AI and manually curated.

📩 Message me for a free installation guide – available in English, German, Spanish, and Portuguese for Windows, Mac, and Linux. @digipicshop";"https://raw.githubusercontent.com/Susderk/mockup-uploads/main/mockups/2026-09-08/Neon%20Barn%20Glow/1.png";"https://raw.githubusercontent.com/Susderk/mockup-uploads/main/mockups/2026-09-08/Neon%20Barn%20Glow/2.png, https://raw.githubusercontent.com/Susderk/mockup-uploads/main/mockups/2026-09-08/Neon%20Barn%20Glow/3.png, https://raw.githubusercontent.com/Susderk/mockup-uploads/main/mockups/2026-09-08/Neon%20Barn%20Glow/4.png";"999"
"DPS-WP-20260908-0210-004";"https://raw.githubusercontent.com/Susderk/mockup-uploads/main/mockups/2026-09-08/Harvest%20Glow/Harvest_Glow.mp4";"Synthwave Farmhouse Wallpaper | Harvest Moon 4K Desktop";"2,99";"https://digipicshopdesigns.etsy.com/de/listing/4571008891";"in stock";"new";"Built for screens that mean business. The color palette pulls from digital infrastructure — the kind of visual language that shows up in server rooms, late-night coding sessions, and setups where the aesthetic is part of the workflow. High contrast, layered depth, and enough visual tension to keep things interesting without becoming noise. A background that matches the energy of the work.

This listing includes 7 high-resolution image files, all delivered in 4K resolution as an instant Digital Download. An abandoned farmhouse glows beneath a harvest moon, rendered in an earthy ochre and sage retro synthwave palette with soft watercolor light transitions and dissolving ink-like edges.

Use it as a desktop wallpaper to set the mood for deep work, or switch it in as your Zoom or Teams background for video calls that quietly show off your taste. Simply download and apply directly to your device or meeting platform — no extra software needed.

For setups where the aesthetic isn't decoration — it's signal.

This product was created using AI and manually curated.

📩 Message me for a free installation guide – available in English, German, Spanish, and Portuguese for Windows, Mac, and Linux. @digipicshop";"https://raw.githubusercontent.com/Susderk/mockup-uploads/main/mockups/2026-09-08/Harvest%20Glow/1.png";"https://raw.githubusercontent.com/Susderk/mockup-uploads/main/mockups/2026-09-08/Harvest%20Glow/2.png, https://raw.githubusercontent.com/Susderk/mockup-uploads/main/mockups/2026-09-08/Harvest%20Glow/3.png, https://raw.githubusercontent.com/Susderk/mockup-uploads/main/mockups/2026-09-08/Harvest%20Glow/4.png";"999"
"DPS-WP-20260908-0210-005";"https://raw.githubusercontent.com/Susderk/mockup-uploads/main/mockups/2026-09-08/Harvest%20Moon%20Glow/Harvest_Moon_Glow.mp4";"Autumn Street Wallpaper | Harvest Moon 4K Desktop";"2,99";"https://digipicshopdesigns.etsy.com/de/listing/4571009235";"in stock";"new";"Out of dozens of generated variations, this scene made it through for one reason: the light feels right. The color temperature, the depth, the moment of stillness — it works whether you're deep in a focus session or on a video call where the background quietly says something about your taste. Handpicked for visual harmony, not just aesthetic novelty. Delivered as a crisp 4K file, ready to use.

This listing is a Digital Download featuring a lantern-lit autumn street beneath a glowing harvest moon, scattered fallen leaves, and a soft golden-hour haze. You'll receive 6 high-resolution image files, all in 4K resolution.

Use them as a desktop wallpaper to warm up your daily screen, or set one as your Zoom or Teams background for meetings with a little more atmosphere. Simply download, save, and apply through your device or video-call app's background settings.

For those who believe the spaces we occupy — even digital ones — should be chosen, not defaulted to.

This product was created using AI and manually curated.

📩 Message me for a free installation guide – available in English, German, Spanish, and Portuguese for Windows, Mac, and Linux. @digipicshop";"https://raw.githubusercontent.com/Susderk/mockup-uploads/main/mockups/2026-09-08/Harvest%20Moon%20Glow/1.png";"https://raw.githubusercontent.com/Susderk/mockup-uploads/main/mockups/2026-09-08/Harvest%20Moon%20Glow/2.png, https://raw.githubusercontent.com/Susderk/mockup-uploads/main/mockups/2026-09-08/Harvest%20Moon%20Glow/3.png, https://raw.githubusercontent.com/Susderk/mockup-uploads/main/mockups/2026-09-08/Harvest%20Moon%20Glow/4.png";"999"
"DPS-CAL-20260908-0210-001";"https://raw.githubusercontent.com/Susderk/mockup-uploads/main/mockups/2026-09-08/Neon%20Diya%20Glow/Neon_Diya_Glow.mp4";"Synthwave Diya Festival Wallpaper | Forest Green 4K";"2,99";"https://digipicshopdesigns.etsy.com/de/listing/4571024816";"in stock";"new";"Out of dozens of generated variations, this scene made it through for one reason: the light feels right. The color temperature, the depth, the moment of stillness — it works whether you're deep in a focus session or on a video call where the background quietly says something about your taste. Handpicked for visual harmony, not just aesthetic novelty. Delivered as a crisp 4K file, ready to use.

This listing is a Digital Download featuring sparkler light trails and scattered diyas rendered in a retro synthwave palette of forest green and warm brown. You'll receive 7 high-resolution image files, all in 4K resolution, ready for immediate use.

Use it as a desktop wallpaper to bring warmth into your daily workspace, or set it as your Zoom or Teams background for a festive, distinctive backdrop on every call. Simply download and apply the image through your device's display or video call settings.

For those who believe the spaces we occupy — even digital ones — should be chosen, not defaulted to.

This product was created using AI and manually curated.

📩 Message me for a free installation guide – available in English, German, Spanish, and Portuguese for Windows, Mac, and Linux. @digipicshop";"https://raw.githubusercontent.com/Susderk/mockup-uploads/main/mockups/2026-09-08/Neon%20Diya%20Glow/1.png";"https://raw.githubusercontent.com/Susderk/mockup-uploads/main/mockups/2026-09-08/Neon%20Diya%20Glow/2.png, https://raw.githubusercontent.com/Susderk/mockup-uploads/main/mockups/2026-09-08/Neon%20Diya%20Glow/3.png, https://raw.githubusercontent.com/Susderk/mockup-uploads/main/mockups/2026-09-08/Neon%20Diya%20Glow/4.png";"999"
"DPS-CAL-20260908-0210-002";"https://raw.githubusercontent.com/Susderk/mockup-uploads/main/mockups/2026-09-08/Gingerbread%20Neon/Gingerbread_Neon.mp4";"Synthwave Gingerbread House Wallpaper | Retro 4K Desktop";"2,99";"https://digipicshopdesigns.etsy.com/de/listing/4571010089";"in stock";"new";"Out of dozens of generated variations, this scene made it through for one reason: the light feels right. The color temperature, the depth, the moment of stillness — it works whether you're deep in a focus session or on a video call where the background quietly says something about your taste. Handpicked for visual harmony, not just aesthetic novelty. Delivered as a crisp 4K file, ready to use.

This listing is a Digital Download featuring a gingerbread house being assembled on a kitchen table, rendered in a nostalgic synthwave style with forest green and brown tones, soft icing details, and warm daylight fading into gentle negative space. You'll receive 7 high-resolution image files, all in 4K resolution.

Use it as a desktop wallpaper to bring warmth to your screen, or set it as your Zoom or Teams background for a cozy, festive touch during video calls. Simply download and apply the file as your background — no editing required.

For those who believe the spaces we occupy — even digital ones — should be chosen, not defaulted to.

This product was created using AI and manually curated.

📩 Message me for a free installation guide – available in English, German, Spanish, and Portuguese for Windows, Mac, and Linux. @digipicshop";"https://raw.githubusercontent.com/Susderk/mockup-uploads/main/mockups/2026-09-08/Gingerbread%20Neon/1.png";"https://raw.githubusercontent.com/Susderk/mockup-uploads/main/mockups/2026-09-08/Gingerbread%20Neon/2.png, https://raw.githubusercontent.com/Susderk/mockup-uploads/main/mockups/2026-09-08/Gingerbread%20Neon/3.png, https://raw.githubusercontent.com/Susderk/mockup-uploads/main/mockups/2026-09-08/Gingerbread%20Neon/4.png";"999"
"DPS-CAL-20260908-0210-003";"https://raw.githubusercontent.com/Susderk/mockup-uploads/main/mockups/2026-09-08/Retro%20Wreath/Retro_Wreath.mp4";"Synthwave Wreath Wallpaper | Rustic Barn Door 4K";"2,99";"https://digipicshopdesigns.etsy.com/de/listing/4571010413";"in stock";"new";"Out of dozens of generated variations, this scene made it through for one reason: the light feels right. The color temperature, the depth, the moment of stillness — it works whether you're deep in a focus session or on a video call where the background quietly says something about your taste. Handpicked for visual harmony, not just aesthetic novelty. Delivered as a crisp 4K file, ready to use.

This listing is a Digital Download featuring 7 high-resolution image files, all rendered in 4K resolution. The set captures an evergreen wreath on a rustic barn door, blending retro synthwave color grading with forest greens, warm browns, and a golden-hour glow for a nostalgic yet festive feel.

Use these files as a desktop wallpaper, laptop background, or virtual backdrop for Zoom and Teams calls. Simply download and set as your background — no printing, no waiting, no physical product involved.

For those who believe the spaces we occupy — even digital ones — should be chosen, not defaulted to.

This product was created using AI and manually curated.

📩 Message me for a free installation guide – available in English, German, Spanish, and Portuguese for Windows, Mac, and Linux. @digipicshop";"https://raw.githubusercontent.com/Susderk/mockup-uploads/main/mockups/2026-09-08/Retro%20Wreath/1.png";"https://raw.githubusercontent.com/Susderk/mockup-uploads/main/mockups/2026-09-08/Retro%20Wreath/2.png, https://raw.githubusercontent.com/Susderk/mockup-uploads/main/mockups/2026-09-08/Retro%20Wreath/3.png, https://raw.githubusercontent.com/Susderk/mockup-uploads/main/mockups/2026-09-08/Retro%20Wreath/4.png";"999"
"DPS-WP-20260909-0210-001";"https://raw.githubusercontent.com/Susderk/mockup-uploads/main/mockups/2026-09-09/Arctic%20Ceremony/Arctic_Ceremony.mp4";"Geometric Graduation Wallpaper | Low Poly Arctic Blue 4K";"2,99";"https://digipicshopdesigns.etsy.com/de/listing/4572021064";"in stock";"new";"Out of dozens of generated variations, this scene made it through for one reason: the light feels right. The color temperature, the depth, the moment of stillness — it works whether you're deep in a focus session or on a video call where the background quietly says something about your taste. Handpicked for visual harmony, not just aesthetic novelty. Delivered as a crisp 4K file, ready to use.

This geometric graduation-themed scene features a low-poly stage, scattered diploma rolls, confetti, and soft floral accents in a cool arctic blue palette. You'll receive 7 high-resolution image files, all in 4K resolution, as an instant Digital Download.

Use it as a desktop wallpaper, laptop background, or virtual meeting backdrop for Zoom and Teams calls. Simply download and set as your background — no editing required.

For those who believe the spaces we occupy — even digital ones — should be chosen, not defaulted to.

This product was created using AI and manually curated.

📩 Message me for a free installation guide – available in English, German, Spanish, and Portuguese for Windows, Mac, and Linux. @digipicshop";"https://raw.githubusercontent.com/Susderk/mockup-uploads/main/mockups/2026-09-09/Arctic%20Ceremony/1.png";"https://raw.githubusercontent.com/Susderk/mockup-uploads/main/mockups/2026-09-09/Arctic%20Ceremony/2.png, https://raw.githubusercontent.com/Susderk/mockup-uploads/main/mockups/2026-09-09/Arctic%20Ceremony/3.png, https://raw.githubusercontent.com/Susderk/mockup-uploads/main/mockups/2026-09-09/Arctic%20Ceremony/4.png";"999"
"DPS-WP-20260909-0210-002";"https://raw.githubusercontent.com/Susderk/mockup-uploads/main/mockups/2026-09-09/Spooky%20Candy%20Oasis/Spooky_Candy_Oasis.mp4";"Halloween Candy Bowl Wallpaper | Low Poly 4K Desktop";"2,99";"https://digipicshopdesigns.etsy.com/de/listing/4572021536";"in stock";"new";"Out of dozens of generated variations, this scene made it through for one reason: the light feels right. The color temperature, the depth, the moment of stillness — it works whether you're deep in a focus session or on a video call where the background quietly says something about your taste. Handpicked for visual harmony, not just aesthetic novelty. Delivered as a crisp 4K file, ready to use.

This listing is a Digital Download featuring a low-poly geometric candy bowl scene on a decorated porch, complete with cobwebs and skeleton accents in a deep purple and cyan palette — a playful yet clean take on Halloween decor. You'll receive 7 high-resolution image files, all in 4K resolution.

Use them as a desktop wallpaper to bring seasonal charm to your screen, or set one as your Zoom or Teams background for meetings with a little festive flair. Simply download the file and set it as your wallpaper or upload it to your video call platform of choice.

For those who believe the spaces we occupy — even digital ones — should be chosen, not defaulted to.

This product was created using AI and manually curated.

📩 Message me for a free installation guide – available in English, German, Spanish, and Portuguese for Windows, Mac, and Linux. @digipicshop";"https://raw.githubusercontent.com/Susderk/mockup-uploads/main/mockups/2026-09-09/Spooky%20Candy%20Oasis/1.png";"https://raw.githubusercontent.com/Susderk/mockup-uploads/main/mockups/2026-09-09/Spooky%20Candy%20Oasis/2.png, https://raw.githubusercontent.com/Susderk/mockup-uploads/main/mockups/2026-09-09/Spooky%20Candy%20Oasis/3.png, https://raw.githubusercontent.com/Susderk/mockup-uploads/main/mockups/2026-09-09/Spooky%20Candy%20Oasis/4.png";"999"
"DPS-WP-20260909-0210-003";"https://raw.githubusercontent.com/Susderk/mockup-uploads/main/mockups/2026-09-09/Neon%20Fence%20Cats/Neon_Fence_Cats.mp4";"Synthwave Black Cats Wallpaper | Neon Moon 4K Desktop";"2,99";"https://digipicshopdesigns.etsy.com/de/listing/4572022004";"in stock";"new";"Built for screens that mean business. The color palette pulls from digital infrastructure — the kind of visual language that shows up in server rooms, late-night coding sessions, and setups where the aesthetic is part of the workflow. High contrast, layered depth, and enough visual tension to keep things interesting without becoming noise. A background that matches the energy of the work. Here, black cats perched on a weathered fence beneath a glowing full moon and bare branches get the retro synthwave treatment — neon rainbow tones washed in a nostalgic blue hour glow.

This Digital Download includes 5 high-resolution image files, all delivered in 4K resolution. Perfect as a desktop wallpaper or a Zoom/Teams virtual meeting backdrop. Simply download and set as your background or upload directly to your video call platform — no editing required.

For setups where the aesthetic isn't decoration — it's signal.

This product was created using AI and manually curated.

📩 Message me for a free installation guide – available in English, German, Spanish, and Portuguese for Windows, Mac, and Linux. @digipicshop";"https://raw.githubusercontent.com/Susderk/mockup-uploads/main/mockups/2026-09-09/Neon%20Fence%20Cats/1.png";"https://raw.githubusercontent.com/Susderk/mockup-uploads/main/mockups/2026-09-09/Neon%20Fence%20Cats/2.png, https://raw.githubusercontent.com/Susderk/mockup-uploads/main/mockups/2026-09-09/Neon%20Fence%20Cats/3.png, https://raw.githubusercontent.com/Susderk/mockup-uploads/main/mockups/2026-09-09/Neon%20Fence%20Cats/4.png";"999"
"DPS-WP-20260909-0210-004";"https://raw.githubusercontent.com/Susderk/mockup-uploads/main/mockups/2026-09-09/Haunted%20House%20Glow/Haunted_House_Glow.mp4";"Low Poly Haunted Mansion Wallpaper | Foggy 4K Desktop";"2,99";"https://digipicshopdesigns.etsy.com/de/listing/4572004521";"in stock";"new";"Out of dozens of generated variations, this scene made it through for one reason: the light feels right. The color temperature, the depth, the moment of stillness — it works whether you're deep in a focus session or on a video call where the background quietly says something about your taste. Handpicked for visual harmony, not just aesthetic novelty. Delivered as a crisp 4K file, ready to use.

This listing includes 7 high-resolution image files, all in 4K resolution, as an instant Digital Download. The low-poly haunted mansion, drenched in cool arctic blue and golden sunset light, sits at the end of a fog-laden lane — moody, stylized, and quietly cinematic. Use it as a desktop wallpaper, or set it as your Zoom or Teams background for meetings that need a little atmosphere. Simply download and apply the file to your screen or video-call settings in seconds.

For those who believe the spaces we occupy — even digital ones — should be chosen, not defaulted to.

This product was created using AI and manually curated.

📩 Message me for a free installation guide – available in English, German, Spanish, and Portuguese for Windows, Mac, and Linux. @digipicshop";"https://raw.githubusercontent.com/Susderk/mockup-uploads/main/mockups/2026-09-09/Haunted%20House%20Glow/1.png";"https://raw.githubusercontent.com/Susderk/mockup-uploads/main/mockups/2026-09-09/Haunted%20House%20Glow/2.png, https://raw.githubusercontent.com/Susderk/mockup-uploads/main/mockups/2026-09-09/Haunted%20House%20Glow/3.png, https://raw.githubusercontent.com/Susderk/mockup-uploads/main/mockups/2026-09-09/Haunted%20House%20Glow/4.png";"999"
"DPS-WP-20260909-0210-005";"https://raw.githubusercontent.com/Susderk/mockup-uploads/main/mockups/2026-09-09/Pumpkin%20Stairs/Pumpkin_Stairs.mp4";"Pumpkin Autumn Wallpaper | Moody Lavender 4K Desktop";"2,99";"https://digipicshopdesigns.etsy.com/de/listing/4572022858";"in stock";"new";"Out of dozens of generated variations, this scene made it through for one reason: the light feels right. The color temperature, the depth, the moment of stillness — it works whether you're deep in a focus session or on a video call where the background quietly says something about your taste. Handpicked for visual harmony, not just aesthetic novelty. Delivered as a crisp 4K file, ready to use.

This Digital Download includes 7 high-resolution image files, all rendered in 4K for sharp detail on any screen. The scene features orange pumpkins arranged on mossy stone steps, softened by a muted lavender and peach palette and dramatic autumn shadows — perfect as a desktop wallpaper or a Zoom and Teams meeting background. Simply download and set as your screen or virtual backdrop in seconds.

For those who believe the spaces we occupy — even digital ones — should be chosen, not defaulted to.

This product was created using AI and manually curated.

📩 Message me for a free installation guide – available in English, German, Spanish, and Portuguese for Windows, Mac, and Linux. @digipicshop";"https://raw.githubusercontent.com/Susderk/mockup-uploads/main/mockups/2026-09-09/Pumpkin%20Stairs/1.png";"https://raw.githubusercontent.com/Susderk/mockup-uploads/main/mockups/2026-09-09/Pumpkin%20Stairs/2.png, https://raw.githubusercontent.com/Susderk/mockup-uploads/main/mockups/2026-09-09/Pumpkin%20Stairs/3.png, https://raw.githubusercontent.com/Susderk/mockup-uploads/main/mockups/2026-09-09/Pumpkin%20Stairs/4.png";"999"
"DPS-CAL-20260909-0210-001";"https://raw.githubusercontent.com/Susderk/mockup-uploads/main/mockups/2026-09-09/Rose%20Petal%20Dream/Rose_Petal_Dream.mp4";"Moody Rose Bedroom Wallpaper | B&W Storm 4K Desktop";"2,99";"https://digipicshopdesigns.etsy.com/de/listing/4572006055";"in stock";"new";"Out of dozens of generated variations, this scene made it through for one reason: the light feels right. The color temperature, the depth, the moment of stillness — it works whether you're deep in a focus session or on a video call where the background quietly says something about your taste. Handpicked for visual harmony, not just aesthetic novelty. Delivered as a crisp 4K file, ready to use.

This listing is a Digital Download featuring 7 high-resolution image files, all in 4K resolution. A high-contrast black and white bedroom scene with scattered rose petals, soft luminous haze, and a dramatic stormy sky through the window — intimate, cinematic, and quietly moody.

Use it as a desktop wallpaper or as a Zoom/Teams virtual meeting background. Simply download the files and set them as your screen background or upload directly to your video call platform.

For those who believe the spaces we occupy — even digital ones — should be chosen, not defaulted to.

This product was created using AI and manually curated.

📩 Message me for a free installation guide – available in English, German, Spanish, and Portuguese for Windows, Mac, and Linux. @digipicshop";"https://raw.githubusercontent.com/Susderk/mockup-uploads/main/mockups/2026-09-09/Rose%20Petal%20Dream/1.png";"https://raw.githubusercontent.com/Susderk/mockup-uploads/main/mockups/2026-09-09/Rose%20Petal%20Dream/2.png, https://raw.githubusercontent.com/Susderk/mockup-uploads/main/mockups/2026-09-09/Rose%20Petal%20Dream/3.png, https://raw.githubusercontent.com/Susderk/mockup-uploads/main/mockups/2026-09-09/Rose%20Petal%20Dream/4.png";"999"
"DPS-CAL-20260909-0210-002";"https://raw.githubusercontent.com/Susderk/mockup-uploads/main/mockups/2026-09-09/Blossom%20Storm/Blossom_Storm.mp4";"Apple Orchard Storm Wallpaper | Black White 4K Desktop";"2,99";"https://digipicshopdesigns.etsy.com/de/listing/4572024546";"in stock";"new";"Out of dozens of generated variations, this scene made it through for one reason: the light feels right. The color temperature, the depth, the moment of stillness — it works whether you're deep in a focus session or on a video call where the background quietly says something about your taste. Handpicked for visual harmony, not just aesthetic novelty. Delivered as a crisp 4K file, ready to use.

Blossoming orchard rows stretch beneath a brooding storm sky, rendered in striking black and white with documentary-style depth and scale. This Digital Download includes 7 high-resolution image files, all in 4K resolution — perfect as a desktop wallpaper or as a Zoom, Teams, and virtual meeting backdrop. Simply download and set as your background across devices; no printing, no shipping, just an instant style upgrade for your screen.

For those who believe the spaces we occupy — even digital ones — should be chosen, not defaulted to.

This product was created using AI and manually curated.

📩 Message me for a free installation guide – available in English, German, Spanish, and Portuguese for Windows, Mac, and Linux. @digipicshop";"https://raw.githubusercontent.com/Susderk/mockup-uploads/main/mockups/2026-09-09/Blossom%20Storm/1.png";"https://raw.githubusercontent.com/Susderk/mockup-uploads/main/mockups/2026-09-09/Blossom%20Storm/2.png, https://raw.githubusercontent.com/Susderk/mockup-uploads/main/mockups/2026-09-09/Blossom%20Storm/3.png, https://raw.githubusercontent.com/Susderk/mockup-uploads/main/mockups/2026-09-09/Blossom%20Storm/4.png";"999"
"DPS-CAL-20260909-0210-003";"https://raw.githubusercontent.com/Susderk/mockup-uploads/main/mockups/2026-09-09/Storm%20Easter%20Meadow/Storm_Easter_Meadow.mp4";"Black White Easter Meadow Wallpaper | Moody 4K Storm";"2,99";"https://digipicshopdesigns.etsy.com/de/listing/4572025106";"in stock";"new";"Out of dozens of generated variations, this scene made it through for one reason: the light feels right. The color temperature, the depth, the moment of stillness — it works whether you're deep in a focus session or on a video call where the background quietly says something about your taste. Handpicked for visual harmony, not just aesthetic novelty. Delivered as a crisp 4K file, ready to use.

This listing is a Digital Download featuring a striking black and white meadow scattered with Easter eggs and wildflowers, set beneath dramatic stormy skies in a documentary-style high contrast look. You'll receive 7 high-resolution image files, all in 4K resolution.

Use them as a desktop wallpaper to refresh your screen, or as a Zoom and Teams virtual meeting backdrop that stands out without distracting. Simply download and set as your background or wallpaper — no editing required.

For those who believe the spaces we occupy — even digital ones — should be chosen, not defaulted to.

This product was created using AI and manually curated.

📩 Message me for a free installation guide – available in English, German, Spanish, and Portuguese for Windows, Mac, and Linux. @digipicshop";"https://raw.githubusercontent.com/Susderk/mockup-uploads/main/mockups/2026-09-09/Storm%20Easter%20Meadow/1.png";"https://raw.githubusercontent.com/Susderk/mockup-uploads/main/mockups/2026-09-09/Storm%20Easter%20Meadow/2.png, https://raw.githubusercontent.com/Susderk/mockup-uploads/main/mockups/2026-09-09/Storm%20Easter%20Meadow/3.png, https://raw.githubusercontent.com/Susderk/mockup-uploads/main/mockups/2026-09-09/Storm%20Easter%20Meadow/4.png";"999"
"DPS-WP-20260910-1510-001";"https://raw.githubusercontent.com/Susderk/mockup-uploads/main/mockups/2026-09-10/Synthwave%20Desk/Synthwave_Desk.mp4";"Synthwave Developer Wallpaper | Sepia Retro 4K Desktop";"2,99";"https://digipicshopdesigns.etsy.com/de/listing/4572384806";"in stock";"new";"Built for screens that mean business. The color palette pulls from digital infrastructure — the kind of visual language that shows up in server rooms, late-night coding sessions, and setups where the aesthetic is part of the workflow. High contrast, layered depth, and enough visual tension to keep things interesting without becoming noise. A background that matches the energy of the work.

This set brings that mood into a sepia-toned synthwave scene: glowing monitors, desert-sunset haze, and soft painterly edges that dissolve like ink at the frame. Includes 7 high-resolution image files, all in 4K resolution.

Use it as a desktop wallpaper to set the tone for focused work, or switch it in as your Zoom or Teams background for calls that need a little atmosphere. Simply download and apply through your device or video-call app settings.

For setups where the aesthetic isn't decoration — it's signal.

This product was created using AI and manually curated.

📩 Message me for a free installation guide – available in English, German, Spanish, and Portuguese for Windows, Mac, and Linux. @digipicshop";"https://raw.githubusercontent.com/Susderk/mockup-uploads/main/mockups/2026-09-10/Synthwave%20Desk/1.png";"https://raw.githubusercontent.com/Susderk/mockup-uploads/main/mockups/2026-09-10/Synthwave%20Desk/2.png, https://raw.githubusercontent.com/Susderk/mockup-uploads/main/mockups/2026-09-10/Synthwave%20Desk/3.png, https://raw.githubusercontent.com/Susderk/mockup-uploads/main/mockups/2026-09-10/Synthwave%20Desk/4.png";"999"
"DPS-WP-20260910-1510-002";"https://raw.githubusercontent.com/Susderk/mockup-uploads/main/mockups/2026-09-10/Pumpkin%20Fog%20Street/Pumpkin_Fog_Street.mp4";"Halloween Jack-o-Lantern Street Wallpaper | Foggy 4K";"2,99";"https://digipicshopdesigns.etsy.com/de/listing/4572385114";"in stock";"new";"Out of dozens of generated variations, this scene made it through for one reason: the light feels right. The color temperature, the depth, the moment of stillness — it works whether you're deep in a focus session or on a video call where the background quietly says something about your taste. Handpicked for visual harmony, not just aesthetic novelty. Delivered as a crisp 4K file, ready to use.

This listing includes 7 high-resolution image files, all in 4K resolution, featuring a fog-filled street lined with glowing jack-o'-lanterns in fiery reds and oranges — a moody, street-art inspired take on Halloween atmosphere. This is a Digital Download, so there's nothing to unwrap and no physical item involved.

Use it as a desktop wallpaper to set an autumn mood on your screen, or switch it in as your Zoom or Teams background for meetings that could use a little seasonal charm. Simply download the files and apply them to your device or video call settings in seconds.

For those who believe the spaces we occupy — even digital ones — should be chosen, not defaulted to.

This product was created using AI and manually curated.

📩 Message me for a free installation guide – available in English, German, Spanish, and Portuguese for Windows, Mac, and Linux. @digipicshop";"https://raw.githubusercontent.com/Susderk/mockup-uploads/main/mockups/2026-09-10/Pumpkin%20Fog%20Street/1.png";"https://raw.githubusercontent.com/Susderk/mockup-uploads/main/mockups/2026-09-10/Pumpkin%20Fog%20Street/2.png, https://raw.githubusercontent.com/Susderk/mockup-uploads/main/mockups/2026-09-10/Pumpkin%20Fog%20Street/3.png, https://raw.githubusercontent.com/Susderk/mockup-uploads/main/mockups/2026-09-10/Pumpkin%20Fog%20Street/4.png";"999"
"DPS-WP-20260910-1510-003";"https://raw.githubusercontent.com/Susderk/mockup-uploads/main/mockups/2026-09-10/Autumn%20Vampire/Autumn_Vampire.mp4";"Vampire Cape Wallpaper | Gothic Autumn Pastel 4K";"2,99";"https://digipicshopdesigns.etsy.com/de/listing/4572385388";"in stock";"new";"Out of dozens of generated variations, this scene made it through for one reason: the light feels right. The color temperature, the depth, the moment of stillness — it works whether you're deep in a focus session or on a video call where the background quietly says something about your taste. Handpicked for visual harmony, not just aesthetic novelty. Delivered as a crisp 4K file, ready to use.

This listing is a Digital Download featuring 7 high-resolution image files, all in 4K resolution. The set captures a dramatic vampire cape draped over an ornate chair, swirling autumn leaves, and soft pastel gradients in ochre and sage tones with luminous neon accents.

Use it as a desktop wallpaper or as a Zoom/Teams virtual meeting backdrop. Simply download the files and set them as your background or wallpaper of choice.

For those who believe the spaces we occupy — even digital ones — should be chosen, not defaulted to.

This product was created using AI and manually curated.

📩 Message me for a free installation guide – available in English, German, Spanish, and Portuguese for Windows, Mac, and Linux. @digipicshop";"https://raw.githubusercontent.com/Susderk/mockup-uploads/main/mockups/2026-09-10/Autumn%20Vampire/1.png";"https://raw.githubusercontent.com/Susderk/mockup-uploads/main/mockups/2026-09-10/Autumn%20Vampire/2.png, https://raw.githubusercontent.com/Susderk/mockup-uploads/main/mockups/2026-09-10/Autumn%20Vampire/3.png, https://raw.githubusercontent.com/Susderk/mockup-uploads/main/mockups/2026-09-10/Autumn%20Vampire/4.png";"999"
"DPS-WP-20260910-1510-004";"https://raw.githubusercontent.com/Susderk/mockup-uploads/main/mockups/2026-09-10/Neon%20Moonlit%20Cat/Neon_Moonlit_Cat.mp4";"Black Cat Moonlit Window Wallpaper | Mystical 4K";"2,99";"https://digipicshopdesigns.etsy.com/de/listing/4572385708";"in stock";"new";"Out of dozens of generated variations, this scene made it through for one reason: the light feels right. The color temperature, the depth, the moment of stillness — it works whether you're deep in a focus session or on a video call where the background quietly says something about your taste. Handpicked for visual harmony, not just aesthetic novelty. Delivered as a crisp 4K file, ready to use.

This painterly watercolor scene features a black cat perched on a moonlit windowsill, billowing curtains, and a dreamy deep purple and cyan palette with an ethereal, mystical glow.

This Digital Download includes 7 high-resolution image files, all in 4K resolution. Use them as a desktop wallpaper or as a virtual background for Zoom and Teams calls. Simply download, upload to your video call platform or set as your screen background, and enjoy instantly.

For those who believe the spaces we occupy — even digital ones — should be chosen, not defaulted to.

This product was created using AI and manually curated.

📩 Message me for a free installation guide – available in English, German, Spanish, and Portuguese for Windows, Mac, and Linux. @digipicshop";"https://raw.githubusercontent.com/Susderk/mockup-uploads/main/mockups/2026-09-10/Neon%20Moonlit%20Cat/1.png";"https://raw.githubusercontent.com/Susderk/mockup-uploads/main/mockups/2026-09-10/Neon%20Moonlit%20Cat/2.png, https://raw.githubusercontent.com/Susderk/mockup-uploads/main/mockups/2026-09-10/Neon%20Moonlit%20Cat/3.png, https://raw.githubusercontent.com/Susderk/mockup-uploads/main/mockups/2026-09-10/Neon%20Moonlit%20Cat/4.png";"999"
"DPS-WP-20260910-1510-005";"https://raw.githubusercontent.com/Susderk/mockup-uploads/main/mockups/2026-09-10/Carved%20Pumpkin/Carved_Pumpkin.mp4";"Halloween Jack-o'-Lantern Wallpaper | Tropical 4K";"2,99";"https://digipicshopdesigns.etsy.com/de/listing/4572386080";"in stock";"new";"Out of dozens of generated variations, this scene made it through for one reason: the light feels right. Carved jack-o'-lanterns glow against humid tropical air, their warm luminescence cutting through forest green and rich brown tones. The fog-laden street, wet surfaces catching subtle reflections, and negative space composition create depth without clutter — the kind of visual quiet that works whether you're deep in a focus session or on a video call where the background quietly says something about your taste. Handpicked for visual harmony, not just aesthetic novelty.

Includes 7 high-resolution image files in 4K resolution, ready to download and use instantly. Works beautifully as a desktop wallpaper, Zoom background, or Teams meeting backdrop. Simply download, select your preferred file size, and set it as your desktop or video-call background.

For those who believe the spaces we occupy — even digital ones — should be chosen, not defaulted to.

This product was created using AI and manually curated.

📩 Message me for a free installation guide – available in English, German, Spanish, and Portuguese for Windows, Mac, and Linux. @digipicshop";"https://raw.githubusercontent.com/Susderk/mockup-uploads/main/mockups/2026-09-10/Carved%20Pumpkin/1.png";"https://raw.githubusercontent.com/Susderk/mockup-uploads/main/mockups/2026-09-10/Carved%20Pumpkin/2.png, https://raw.githubusercontent.com/Susderk/mockup-uploads/main/mockups/2026-09-10/Carved%20Pumpkin/3.png, https://raw.githubusercontent.com/Susderk/mockup-uploads/main/mockups/2026-09-10/Carved%20Pumpkin/4.png";"999"
"DPS-CAL-20260910-1510-001";"https://raw.githubusercontent.com/Susderk/mockup-uploads/main/mockups/2026-09-10/Starlit%20Solitude/Starlit_Solitude.mp4";"Cozy Balcony Night Wallpaper | Moody B&W Starlit 4K";"2,99";"https://digipicshopdesigns.etsy.com/de/listing/4572386774";"in stock";"new";"Out of dozens of generated variations, this scene made it through for one reason: the light feels right. The color temperature, the depth, the moment of stillness — it works whether you're deep in a focus session or on a video call where the background quietly says something about your taste. Handpicked for visual harmony, not just aesthetic novelty. Delivered as a crisp 4K file, ready to use.

This listing includes 7 high-resolution image files, all in 4K resolution, delivered as an instant Digital Download. A cozy balcony scene at night, draped blanket, steaming cocoa, and a dramatic starlit sky rendered in a moody black-and-white documentary style — built for both desktop wallpaper and Zoom or Teams video backgrounds.

Simply download, set as your desktop background, or upload directly to your video call platform for an instant atmosphere upgrade.

For those who believe the spaces we occupy — even digital ones — should be chosen, not defaulted to.

This product was created using AI and manually curated.

📩 Message me for a free installation guide – available in English, German, Spanish, and Portuguese for Windows, Mac, and Linux. @digipicshop";"https://raw.githubusercontent.com/Susderk/mockup-uploads/main/mockups/2026-09-10/Starlit%20Solitude/1.png";"https://raw.githubusercontent.com/Susderk/mockup-uploads/main/mockups/2026-09-10/Starlit%20Solitude/2.png, https://raw.githubusercontent.com/Susderk/mockup-uploads/main/mockups/2026-09-10/Starlit%20Solitude/3.png, https://raw.githubusercontent.com/Susderk/mockup-uploads/main/mockups/2026-09-10/Starlit%20Solitude/4.png";"999"
"DPS-CAL-20260910-1510-002";"https://raw.githubusercontent.com/Susderk/mockup-uploads/main/mockups/2026-09-10/Cherry%20Fort%20Drama/Cherry_Fort_Drama.mp4";"Cherry Tree Fort Wallpaper | Moody Black White 4K";"2,99";"https://digipicshopdesigns.etsy.com/de/listing/4572370781";"in stock";"new";"Out of dozens of generated variations, this scene made it through for one reason: the light feels right. The color temperature, the depth, the moment of stillness — it works whether you're deep in a focus session or on a video call where the background quietly says something about your taste. Handpicked for visual harmony, not just aesthetic novelty. Delivered as a crisp 4K file, ready to use.

This Digital Download includes 7 high-resolution image files, all in 4K resolution. A solitary cherry tree, a childhood cardboard fort beneath its branches, and a stormy sky come together in striking black and white contrast — quiet, cinematic, and a little nostalgic.

Use it as a desktop wallpaper to set the mood for deep work, or as a Zoom or Teams background for meetings that could use a little atmosphere. Simply download the files and set them as your wallpaper or upload them in your video call settings.

For those who believe the spaces we occupy — even digital ones — should be chosen, not defaulted to.

This product was created using AI and manually curated.

📩 Message me for a free installation guide – available in English, German, Spanish, and Portuguese for Windows, Mac, and Linux. @digipicshop";"https://raw.githubusercontent.com/Susderk/mockup-uploads/main/mockups/2026-09-10/Cherry%20Fort%20Drama/1.png";"https://raw.githubusercontent.com/Susderk/mockup-uploads/main/mockups/2026-09-10/Cherry%20Fort%20Drama/2.png, https://raw.githubusercontent.com/Susderk/mockup-uploads/main/mockups/2026-09-10/Cherry%20Fort%20Drama/3.png, https://raw.githubusercontent.com/Susderk/mockup-uploads/main/mockups/2026-09-10/Cherry%20Fort%20Drama/4.png";"999"
"DPS-CAL-20260910-1510-003";"https://raw.githubusercontent.com/Susderk/mockup-uploads/main/mockups/2026-09-10/Stellar%20Ridge/Stellar_Ridge.mp4";"Milky Way Wallpaper | Black and White Night Sky 4K";"2,99";"https://digipicshopdesigns.etsy.com/de/listing/4572387544";"in stock";"new";"Out of dozens of generated variations, this scene made it through for one reason: the light feels right. The color temperature, the depth, the moment of stillness — it works whether you're deep in a focus session or on a video call where the background quietly says something about your taste. Handpicked for visual harmony, not just aesthetic novelty. Delivered as a crisp 4K file, ready to use.

This digital download includes 7 high-resolution image files, all in 4K resolution, featuring a dramatic black and white Milky Way arcing over a silhouetted pine ridge. Moody, cinematic, and ethereal — perfect as a desktop wallpaper or as a virtual meeting backdrop for Zoom and Teams calls.

How to use: simply download and set as your desktop background or upload directly to your video call platform of choice.

For those who believe the spaces we occupy — even digital ones — should be chosen, not defaulted to.

This product was created using AI and manually curated.

📩 Message me for a free installation guide – available in English, German, Spanish, and Portuguese for Windows, Mac, and Linux. @digipicshop";"https://raw.githubusercontent.com/Susderk/mockup-uploads/main/mockups/2026-09-10/Stellar%20Ridge/1.png";"https://raw.githubusercontent.com/Susderk/mockup-uploads/main/mockups/2026-09-10/Stellar%20Ridge/2.png, https://raw.githubusercontent.com/Susderk/mockup-uploads/main/mockups/2026-09-10/Stellar%20Ridge/3.png, https://raw.githubusercontent.com/Susderk/mockup-uploads/main/mockups/2026-09-10/Stellar%20Ridge/4.png";"999"
"DPS-WP-20260911-0210-001";"https://raw.githubusercontent.com/Susderk/mockup-uploads/main/mockups/2026-09-11/Ember%20Gradient/Ember_Gradient.mp4";"Fiery Red Gradient Wallpaper | Moody 4K Abstract Glow";"2,99";"https://digipicshopdesigns.etsy.com/de/listing/4573055152";"in stock";"new";"Built for screens that mean business. The color palette pulls from digital infrastructure — the kind of visual language that shows up in server rooms, late-night coding sessions, and setups where the aesthetic is part of the workflow. High contrast, layered depth, and enough visual tension to keep things interesting without becoming noise. A background that matches the energy of the work. Here, the tension comes from fire itself — deep shadows bleeding into fiery reds and oranges, soft fog drifting across a luminous, moody glow.

This set includes 7 high-resolution image files, all delivered in 4K resolution. Perfectly suited as a desktop wallpaper or as a striking background for Zoom and Teams calls. Simply download and set as your screen background or upload directly to your video call platform for an instant mood upgrade.

For setups where the aesthetic isn't decoration — it's signal.

This product was created using AI and manually curated.

📩 Message me for a free installation guide – available in English, German, Spanish, and Portuguese for Windows, Mac, and Linux. @digipicshop";"https://raw.githubusercontent.com/Susderk/mockup-uploads/main/mockups/2026-09-11/Ember%20Gradient/1.png";"https://raw.githubusercontent.com/Susderk/mockup-uploads/main/mockups/2026-09-11/Ember%20Gradient/2.png, https://raw.githubusercontent.com/Susderk/mockup-uploads/main/mockups/2026-09-11/Ember%20Gradient/3.png, https://raw.githubusercontent.com/Susderk/mockup-uploads/main/mockups/2026-09-11/Ember%20Gradient/4.png";"999"
"DPS-WP-20260911-0210-002";"https://raw.githubusercontent.com/Susderk/mockup-uploads/main/mockups/2026-09-11/Curious%20Cat%20Gaze/Curious_Cat_Gaze.mp4";"Blue Cat Portrait Wallpaper | Moody 4K Desktop Art";"2,99";"https://digipicshopdesigns.etsy.com/de/listing/4573055478";"in stock";"new";"Out of dozens of generated variations, this scene made it through for one reason: the light feels right. The color temperature, the depth, the moment of stillness — it works whether you're deep in a focus session or on a video call where the background quietly says something about your taste. Handpicked for visual harmony, not just aesthetic novelty. Delivered as a crisp 4K file, ready to use.

This listing is a Digital Download featuring a striking monochrome blue cat portrait, captured in a documentary wildlife photography style with dramatic studio lighting and sharp feline detail. You'll receive 7 high-resolution image files, all in 4K resolution, perfect as a desktop wallpaper or a Zoom and Teams meeting background. Simply download and set as your screen or virtual call backdrop in seconds — no editing required. For those who believe the spaces we occupy — even digital ones — should be chosen, not defaulted to.

This product was created using AI and manually curated.

📩 Message me for a free installation guide – available in English, German, Spanish, and Portuguese for Windows, Mac, and Linux. @digipicshop";"https://raw.githubusercontent.com/Susderk/mockup-uploads/main/mockups/2026-09-11/Curious%20Cat%20Gaze/1.png";"https://raw.githubusercontent.com/Susderk/mockup-uploads/main/mockups/2026-09-11/Curious%20Cat%20Gaze/2.png, https://raw.githubusercontent.com/Susderk/mockup-uploads/main/mockups/2026-09-11/Curious%20Cat%20Gaze/3.png, https://raw.githubusercontent.com/Susderk/mockup-uploads/main/mockups/2026-09-11/Curious%20Cat%20Gaze/4.png";"999"
"DPS-WP-20260911-0210-003";"https://raw.githubusercontent.com/Susderk/mockup-uploads/main/mockups/2026-09-11/Synthwave%20Pumpkin/Synthwave_Pumpkin.mp4";"Synthwave Pumpkin Patch Wallpaper | Halloween 4K Desktop";"2,99";"https://digipicshopdesigns.etsy.com/de/listing/4573055822";"in stock";"new";"Built for screens that mean business. The color palette pulls from digital infrastructure — the kind of visual language that shows up in server rooms, late-night coding sessions, and setups where the aesthetic is part of the workflow. High contrast, layered depth, and enough visual tension to keep things interesting without becoming noise. A background that matches the energy of the work. Here, that language meets a carved pumpkin patch at sunset, twisted bare trees standing in silhouette against a stark black-and-white retro synthwave horizon — moody, cinematic, and unmistakably autumn.

This listing is a Digital Download including 7 high-resolution image files, all delivered in 4K resolution. Use them as a desktop wallpaper, or set them as your Zoom or Teams background for meetings that need a little seasonal edge. Simply download, then upload directly into your video call app settings or set as your device wallpaper — no printing, no shipping, ready in minutes.

For setups where the aesthetic isn't decoration — it's signal.

This product was created using AI and manually curated.

📩 Message me for a free installation guide – available in English, German, Spanish, and Portuguese for Windows, Mac, and Linux. @digipicshop";"https://raw.githubusercontent.com/Susderk/mockup-uploads/main/mockups/2026-09-11/Synthwave%20Pumpkin/1.png";"https://raw.githubusercontent.com/Susderk/mockup-uploads/main/mockups/2026-09-11/Synthwave%20Pumpkin/2.png, https://raw.githubusercontent.com/Susderk/mockup-uploads/main/mockups/2026-09-11/Synthwave%20Pumpkin/3.png, https://raw.githubusercontent.com/Susderk/mockup-uploads/main/mockups/2026-09-11/Synthwave%20Pumpkin/4.png";"999"
"DPS-WP-20260911-0210-004";"https://raw.githubusercontent.com/Susderk/mockup-uploads/main/mockups/2026-09-11/Haunted%20Manor%20Storm/Haunted_Manor_Storm.mp4";"Haunted Manor Wallpaper | Stormy Gothic 4K Desktop";"2,99";"https://digipicshopdesigns.etsy.com/de/listing/4573056128";"in stock";"new";"Out of dozens of generated variations, this scene made it through for one reason: the light feels right. The color temperature, the depth, the moment of stillness — it works whether you're deep in a focus session or on a video call where the background quietly says something about your taste. Handpicked for visual harmony, not just aesthetic novelty. Delivered as a crisp 4K file, ready to use.

This haunted manor rises against a stormy purple-and-orange sky, framed by forest green and brown tones and a hushed, snowy stillness. Gothic without being loud, moody without losing warmth.

This Digital Download includes 5 high-resolution image files, all in 4K resolution. Use them as a desktop wallpaper or as a Zoom or Teams background for video calls. Simply download and set as your background — no extra software needed.

For those who believe the spaces we occupy — even digital ones — should be chosen, not defaulted to.

This product was created using AI and manually curated.

📩 Message me for a free installation guide – available in English, German, Spanish, and Portuguese for Windows, Mac, and Linux. @digipicshop";"https://raw.githubusercontent.com/Susderk/mockup-uploads/main/mockups/2026-09-11/Haunted%20Manor%20Storm/1.png";"https://raw.githubusercontent.com/Susderk/mockup-uploads/main/mockups/2026-09-11/Haunted%20Manor%20Storm/2.png, https://raw.githubusercontent.com/Susderk/mockup-uploads/main/mockups/2026-09-11/Haunted%20Manor%20Storm/3.png, https://raw.githubusercontent.com/Susderk/mockup-uploads/main/mockups/2026-09-11/Haunted%20Manor%20Storm/4.png";"999"
"DPS-WP-20260911-0210-005";"https://raw.githubusercontent.com/Susderk/mockup-uploads/main/mockups/2026-09-11/Autumn/Autumn.mp4";"Autumn Halloween Street Wallpaper | Cozy 4K Desktop";"2,99";"https://digipicshopdesigns.etsy.com/de/listing/4573056448";"in stock";"new";"Some workspaces need a horizon. This scene brings in natural light, open distance, and the kind of quiet that makes focused work feel less confined. It's grounding without being decorative — the kind of background that doesn't compete with what's on screen, but gives the room a different quality of air. Works for video calls, deep work sessions, and spaces that need to feel a little less like offices. This bundle is a Digital Download featuring 7 high-resolution image files, all in stunning 4K resolution, capturing a leaf-strewn autumn street lined with glowing jack-o-lanterns at golden hour. Perfectly suited as a desktop wallpaper or as a warm, seasonal Zoom and Teams background for your video calls. Simply download the files and set them as your background or wallpaper in just a few clicks. Made for anyone who wants their workspace to feel less like infrastructure and more like a place worth being.

This product was created using AI and manually curated.

📩 Message me for a free installation guide – available in English, German, Spanish, and Portuguese for Windows, Mac, and Linux. @digipicshop";"https://raw.githubusercontent.com/Susderk/mockup-uploads/main/mockups/2026-09-11/Autumn/1.png";"https://raw.githubusercontent.com/Susderk/mockup-uploads/main/mockups/2026-09-11/Autumn/2.png, https://raw.githubusercontent.com/Susderk/mockup-uploads/main/mockups/2026-09-11/Autumn/3.png, https://raw.githubusercontent.com/Susderk/mockup-uploads/main/mockups/2026-09-11/Autumn/4.png";"999"
"DPS-CAL-20260911-0210-002";"https://raw.githubusercontent.com/Susderk/mockup-uploads/main/mockups/2026-09-11/Alpine%20Heritage/Alpine_Heritage.mp4";"Bavarian Folk Costume Wallpaper | Moody B&W 4K Desktop";"2,99";"https://digipicshopdesigns.etsy.com/de/listing/4573040059";"in stock";"new";"Out of dozens of generated variations, this scene made it through for one reason: the light feels right. The color temperature, the depth, the moment of stillness — it works whether you're deep in a focus session or on a video call where the background quietly says something about your taste. Handpicked for visual harmony, not just aesthetic novelty. Delivered as a crisp 4K file, ready to use.

This listing includes 7 high-resolution image files, all in 4K resolution — a Digital Download featuring a traditional Bavarian folk costume with alpine wildflowers, shot in dramatic high-contrast black and white with a moody, storm-lit sky. Perfect as a desktop wallpaper or as a striking Zoom, Teams, or virtual meeting backdrop.

Simply download the files and set them as your screen background or upload them to your video call platform of choice.

For those who believe the spaces we occupy — even digital ones — should be chosen, not defaulted to.

This product was created using AI and manually curated.

📩 Message me for a free installation guide – available in English, German, Spanish, and Portuguese for Windows, Mac, and Linux. @digipicshop";"https://raw.githubusercontent.com/Susderk/mockup-uploads/main/mockups/2026-09-11/Alpine%20Heritage/1.png";"https://raw.githubusercontent.com/Susderk/mockup-uploads/main/mockups/2026-09-11/Alpine%20Heritage/2.png, https://raw.githubusercontent.com/Susderk/mockup-uploads/main/mockups/2026-09-11/Alpine%20Heritage/3.png, https://raw.githubusercontent.com/Susderk/mockup-uploads/main/mockups/2026-09-11/Alpine%20Heritage/4.png";"999"
"DPS-CAL-20260911-0210-003";"https://raw.githubusercontent.com/Susderk/mockup-uploads/main/mockups/2026-09-11/Stormy%20Autumn/Stormy_Autumn.mp4";"Autumn Alley Wallpaper | Moody B&W 4K Desktop";"2,99";"https://digipicshopdesigns.etsy.com/de/listing/4573057412";"in stock";"new";"Out of dozens of generated variations, this scene made it through for one reason: the light feels right. The color temperature, the depth, the moment of stillness — it works whether you're deep in a focus session or on a video call where the background quietly says something about your taste. Handpicked for visual harmony, not just aesthetic novelty. Delivered as a crisp 4K file, ready to use.

This listing captures a rain-swept autumn alley, cascading leaves, distant candlelit windows, and a stormy sky rendered in high-contrast black and white — a documentary-style, photojournalistic mood with soft feathered edges and quiet atmospheric depth.

This is a Digital Download featuring 7 high-resolution image files, all in 4K resolution. Use them as a desktop wallpaper or as a Zoom, Teams, or virtual meeting backdrop. Simply download, then set as your background or wallpaper in a few clicks.

For those who believe the spaces we occupy — even digital ones — should be chosen, not defaulted to.

This product was created using AI and manually curated.

📩 Message me for a free installation guide – available in English, German, Spanish, and Portuguese for Windows, Mac, and Linux. @digipicshop";"https://raw.githubusercontent.com/Susderk/mockup-uploads/main/mockups/2026-09-11/Stormy%20Autumn/1.png";"https://raw.githubusercontent.com/Susderk/mockup-uploads/main/mockups/2026-09-11/Stormy%20Autumn/2.png, https://raw.githubusercontent.com/Susderk/mockup-uploads/main/mockups/2026-09-11/Stormy%20Autumn/3.png, https://raw.githubusercontent.com/Susderk/mockup-uploads/main/mockups/2026-09-11/Stormy%20Autumn/4.png";"999"
"DPS-WP-20260912-0205-001";"https://raw.githubusercontent.com/Susderk/mockup-uploads/main/mockups/2026-09-12/Autumn%20Drape/Autumn_Drape.mp4";"Crimson Cape Wallpaper | Moody Blue Winter 4K Desktop";"2,99";"https://digipicshopdesigns.etsy.com/de/listing/4573697670";"in stock";"new";"Out of dozens of generated variations, this scene made it through for one reason: the light feels right. The color temperature, the depth, the moment of stillness — it works whether you're deep in a focus session or on a video call where the background quietly says something about your taste. Handpicked for visual harmony, not just aesthetic novelty. Delivered as a crisp 4K file, ready to use.

This Digital Download includes 7 high-resolution image files, all in 4K resolution, featuring a crimson velvet cape draped over a wooden chair beside a frost-covered window, with autumn leaves drifting in soft golden light and a calm monochromatic blue winter mood.

Use it as a desktop wallpaper to elevate your daily screen, or set it as your Zoom or Teams background for meetings that need a touch of quiet elegance. Simply download and apply the file as your background image in your preferred app.

For those who believe the spaces we occupy — even digital ones — should be chosen, not defaulted to.

This product was created using AI and manually curated.

📩 Message me for a free installation guide – available in English, German, Spanish, and Portuguese for Windows, Mac, and Linux. @digipicshop";"https://raw.githubusercontent.com/Susderk/mockup-uploads/main/mockups/2026-09-12/Autumn%20Drape/1.png";"https://raw.githubusercontent.com/Susderk/mockup-uploads/main/mockups/2026-09-12/Autumn%20Drape/2.png, https://raw.githubusercontent.com/Susderk/mockup-uploads/main/mockups/2026-09-12/Autumn%20Drape/3.png, https://raw.githubusercontent.com/Susderk/mockup-uploads/main/mockups/2026-09-12/Autumn%20Drape/4.png";"999"
"DPS-WP-20260912-0205-002";"https://raw.githubusercontent.com/Susderk/mockup-uploads/main/mockups/2026-09-12/Snowy%20Witchery/Snowy_Witchery.mp4";"Witch Hat Wallpaper | Snowy Blue Winter 4K Desktop";"2,99";"https://digipicshopdesigns.etsy.com/de/listing/4573697962";"in stock";"new";"Out of dozens of generated variations, this scene made it through for one reason: the light feels right. The color temperature, the depth, the moment of stillness — it works whether you're deep in a focus session or on a video call where the background quietly says something about your taste. Handpicked for visual harmony, not just aesthetic novelty. Delivered as a crisp 4K file, ready to use.

This listing includes 7 high-resolution image files, all in 4K resolution, featuring a witch hat and broomstick resting against a crumbling stone wall in a hushed, monochrome-blue snowy morning scene. Perfect as a desktop wallpaper or as a Zoom, Teams, and virtual meeting background. Simply download and set as your screen or video-call backdrop in seconds.

For those who believe the spaces we occupy — even digital ones — should be chosen, not defaulted to.

This product was created using AI and manually curated.

📩 Message me for a free installation guide – available in English, German, Spanish, and Portuguese for Windows, Mac, and Linux. @digipicshop";"https://raw.githubusercontent.com/Susderk/mockup-uploads/main/mockups/2026-09-12/Snowy%20Witchery/1.png";"https://raw.githubusercontent.com/Susderk/mockup-uploads/main/mockups/2026-09-12/Snowy%20Witchery/2.png, https://raw.githubusercontent.com/Susderk/mockup-uploads/main/mockups/2026-09-12/Snowy%20Witchery/3.png, https://raw.githubusercontent.com/Susderk/mockup-uploads/main/mockups/2026-09-12/Snowy%20Witchery/4.png";"999"
"DPS-WP-20260912-0205-003";"https://raw.githubusercontent.com/Susderk/mockup-uploads/main/mockups/2026-09-12/Haunted%20Candy/Haunted_Candy.mp4";"Halloween Candy Bowl Wallpaper | Blue Hour 4K Porch";"2,99";"https://digipicshopdesigns.etsy.com/de/listing/4573698270";"in stock";"new";"Out of dozens of generated variations, this scene made it through for one reason: the light feels right. The color temperature, the depth, the moment of stillness — it works whether you're deep in a focus session or on a video call where the background quietly says something about your taste. Handpicked for visual harmony, not just aesthetic novelty. Delivered as a crisp 4K file, ready to use.

This listing is a Digital Download featuring a candy-filled bowl on a cobweb-draped porch, softly lit in a cool arctic blue hour palette with skeleton decorations fading into a hazy, layered background. You'll receive 7 high-resolution image files, all in 4K resolution.

Perfect as a desktop wallpaper or a Zoom and Teams virtual meeting backdrop for the Halloween season. Simply download and set as your screen background or upload directly to your video call platform.

For those who believe the spaces we occupy — even digital ones — should be chosen, not defaulted to.

This product was created using AI and manually curated.

📩 Message me for a free installation guide – available in English, German, Spanish, and Portuguese for Windows, Mac, and Linux. @digipicshop";"https://raw.githubusercontent.com/Susderk/mockup-uploads/main/mockups/2026-09-12/Haunted%20Candy/1.png";"https://raw.githubusercontent.com/Susderk/mockup-uploads/main/mockups/2026-09-12/Haunted%20Candy/2.png, https://raw.githubusercontent.com/Susderk/mockup-uploads/main/mockups/2026-09-12/Haunted%20Candy/3.png, https://raw.githubusercontent.com/Susderk/mockup-uploads/main/mockups/2026-09-12/Haunted%20Candy/4.png";"999"
"DPS-WP-20260912-0205-004";"https://raw.githubusercontent.com/Susderk/mockup-uploads/main/mockups/2026-09-12/Carved%20Twilight/Carved_Twilight.mp4";"Low Poly Halloween Wallpaper | Geometric Foggy Street 4K";"2,99";"https://digipicshopdesigns.etsy.com/de/listing/4573698566";"in stock";"new";"Out of dozens of generated variations, this scene made it through for one reason: the light feels right. The color temperature, the depth, the moment of stillness — it works whether you're deep in a focus session or on a video call where the background quietly says something about your taste. Handpicked for visual harmony, not just aesthetic novelty. Delivered as a crisp 4K file, ready to use.

This Digital Download includes 7 high-resolution image files, each in 4K resolution, featuring a low-poly geometric street lined with glowing jack-o'-lanterns wrapped in fog and twilight shadow. The black-and-white high-contrast palette gives it a moody, suspenseful edge perfect for the Halloween season.

Use it as a desktop wallpaper to set the mood on your home screen, or switch it in as a Zoom or Teams background for meetings that could use a little atmosphere. Just download and apply — no extra steps needed.

For those who believe the spaces we occupy — even digital ones — should be chosen, not defaulted to.

This product was created using AI and manually curated.

📩 Message me for a free installation guide – available in English, German, Spanish, and Portuguese for Windows, Mac, and Linux. @digipicshop";"https://raw.githubusercontent.com/Susderk/mockup-uploads/main/mockups/2026-09-12/Carved%20Twilight/1.png";"https://raw.githubusercontent.com/Susderk/mockup-uploads/main/mockups/2026-09-12/Carved%20Twilight/2.png, https://raw.githubusercontent.com/Susderk/mockup-uploads/main/mockups/2026-09-12/Carved%20Twilight/3.png, https://raw.githubusercontent.com/Susderk/mockup-uploads/main/mockups/2026-09-12/Carved%20Twilight/4.png";"999"
"DPS-WP-20260912-0205-005";"https://raw.githubusercontent.com/Susderk/mockup-uploads/main/mockups/2026-09-12/Harvest%20Moon/Harvest_Moon.mp4";"Abandoned Farmhouse Wallpaper | Harvest Moon 4K Desktop";"2,99";"https://digipicshopdesigns.etsy.com/de/listing/4573698870";"in stock";"new";"Out of dozens of generated variations, this scene made it through for one reason: the light feels right. The color temperature, the depth, the moment of stillness — it works whether you're deep in a focus session or on a video call where the background quietly says something about your taste. Handpicked for visual harmony, not just aesthetic novelty. Delivered as a crisp 4K file, ready to use.

This listing includes 7 high-resolution image files, all in 4K resolution, featuring an abandoned farmhouse at the end of a rural lane beneath a harvest moon, rendered in a dreamy watercolor style with a muted teal and coral palette. Perfect as a desktop wallpaper or as a Zoom, Teams, and virtual meeting background. Simply download and set as your screen or upload directly to your video call platform.

A Digital Download — no physical item will be shipped.

For those who believe the spaces we occupy — even digital ones — should be chosen, not defaulted to.

This product was created using AI and manually curated.

📩 Message me for a free installation guide – available in English, German, Spanish, and Portuguese for Windows, Mac, and Linux. @digipicshop";"https://raw.githubusercontent.com/Susderk/mockup-uploads/main/mockups/2026-09-12/Harvest%20Moon/1.png";"https://raw.githubusercontent.com/Susderk/mockup-uploads/main/mockups/2026-09-12/Harvest%20Moon/2.png, https://raw.githubusercontent.com/Susderk/mockup-uploads/main/mockups/2026-09-12/Harvest%20Moon/3.png, https://raw.githubusercontent.com/Susderk/mockup-uploads/main/mockups/2026-09-12/Harvest%20Moon/4.png";"999"
"DPS-CP-20260912-0205-001";"";"Hibiscus Coloring Page | Adult Printable Botanical Line Art PDF";"2,99";"https://digipicshopdesigns.etsy.com/de/listing/4573699126";"in stock";"new";"Some flowers deserve more attention than a quick glance — this Hibiscus line art was drawn for exactly that. Clean, precise contours capture the flower's wide, open petals and delicate curling stamen, made for slow, focused coloring rather than a rushed fill-in. Digital download: print-ready as A4 and US Letter PDF, plus a bonus transparent-line PNG for digital coloring apps. Perfect for a quiet evening of mindful coloring, a thoughtful gift for a plant lover, a homeschool botany lesson, or framing once finished. Print at home on regular paper or cardstock — no physical item is shipped, this is an instant digital download. For anyone who finds more calm in a single well-drawn petal than in a blank page.

This product was created using AI and manually curated.

📩 Message me with printing questions — happy to help with paper size, cardstock, or print settings.";"";"";"999"
"DPS-CAL-20260912-0205-001";"https://raw.githubusercontent.com/Susderk/mockup-uploads/main/mockups/2026-09-12/Spark%20Petals/Spark_Petals.mp4";"Sparkler Circle Wallpaper | Moody B&W Night 4K";"2,99";"https://digipicshopdesigns.etsy.com/de/listing/4573699404";"in stock";"new";"Out of dozens of generated variations, this scene made it through for one reason: the light feels right. The color temperature, the depth, the moment of stillness — it works whether you're deep in a focus session or on a video call where the background quietly says something about your taste. Handpicked for visual harmony, not just aesthetic novelty. Delivered as a crisp 4K file, ready to use.

This listing includes 7 high-resolution image files, all in 4K resolution, featuring a striking black and white sparkler circle scene on weathered stone with scattered petals beneath a dramatic stormy sky. Perfect as a desktop wallpaper or as a virtual meeting backdrop for Zoom and Teams calls. Simply download and set as your background — no editing required.

For those who believe the spaces we occupy — even digital ones — should be chosen, not defaulted to.

This product was created using AI and manually curated.

📩 Message me for a free installation guide – available in English, German, Spanish, and Portuguese for Windows, Mac, and Linux. @digipicshop";"https://raw.githubusercontent.com/Susderk/mockup-uploads/main/mockups/2026-09-12/Spark%20Petals/1.png";"https://raw.githubusercontent.com/Susderk/mockup-uploads/main/mockups/2026-09-12/Spark%20Petals/2.png, https://raw.githubusercontent.com/Susderk/mockup-uploads/main/mockups/2026-09-12/Spark%20Petals/3.png, https://raw.githubusercontent.com/Susderk/mockup-uploads/main/mockups/2026-09-12/Spark%20Petals/4.png";"999"
"DPS-CAL-20260912-0205-002";"https://raw.githubusercontent.com/Susderk/mockup-uploads/main/mockups/2026-09-12/Stormy%20Hearth/Stormy_Hearth.mp4";"Black White Christmas Mantel Wallpaper | Moody 4K Decor";"2,99";"https://digipicshopdesigns.etsy.com/de/listing/4573699756";"in stock";"new";"Out of dozens of generated variations, this scene made it through for one reason: the light feels right. The candlelight halos, the stormy sky through the window, the quiet drama of pine boughs and stockings against stone — it works whether you're deep in a focus session or on a video call where the background quietly says something about your taste. Handpicked for visual harmony, not just aesthetic novelty. Delivered as a crisp 4K file, ready to use.

This Digital Download includes 7 high-resolution image files, all in 4K resolution. Perfectly suited as a desktop wallpaper or as a Zoom, Teams, and other virtual meeting backdrop. Simply download and set as your background — no extra software needed.

For those who believe the spaces we occupy — even digital ones — should be chosen, not defaulted to.

This product was created using AI and manually curated.

📩 Message me for a free installation guide – available in English, German, Spanish, and Portuguese for Windows, Mac, and Linux. @digipicshop";"https://raw.githubusercontent.com/Susderk/mockup-uploads/main/mockups/2026-09-12/Stormy%20Hearth/1.png";"https://raw.githubusercontent.com/Susderk/mockup-uploads/main/mockups/2026-09-12/Stormy%20Hearth/2.png, https://raw.githubusercontent.com/Susderk/mockup-uploads/main/mockups/2026-09-12/Stormy%20Hearth/3.png, https://raw.githubusercontent.com/Susderk/mockup-uploads/main/mockups/2026-09-12/Stormy%20Hearth/4.png";"999"
"DPS-CAL-20260912-0205-003";"https://raw.githubusercontent.com/Susderk/mockup-uploads/main/mockups/2026-09-12/Festive%20Bookstore/Festive_Bookstore.mp4";"Cozy Bookstore Wallpaper | Black and White 4K Desktop";"2,99";"https://digipicshopdesigns.etsy.com/de/listing/4573682425";"in stock";"new";"Out of dozens of generated variations, this scene made it through for one reason: the light feels right. The color temperature, the depth, the moment of stillness — it works whether you're deep in a focus session or on a video call where the background quietly says something about your taste. Handpicked for visual harmony, not just aesthetic novelty. Delivered as a crisp 4K file, ready to use.

This listing is a Digital Download featuring 6 high-resolution image files, all in 4K resolution. The scene captures a cozy bookstore interior with a festive window display, warm string lights, and a stormy sky beyond the glass, rendered in a striking high-contrast black and white palette with a soft, cinematic haze.

Use it as a desktop wallpaper to bring quiet atmosphere to your daily screen, or set it as your Zoom or Teams background for a polished, editorial look on every call. Simply download and apply the file to your device or meeting platform of choice.

For those who believe the spaces we occupy — even digital ones — should be chosen, not defaulted to.

This product was created using AI and manually curated.

📩 Message me for a free installation guide – available in English, German, Spanish, and Portuguese for Windows, Mac, and Linux. @digipicshop";"https://raw.githubusercontent.com/Susderk/mockup-uploads/main/mockups/2026-09-12/Festive%20Bookstore/1.png";"https://raw.githubusercontent.com/Susderk/mockup-uploads/main/mockups/2026-09-12/Festive%20Bookstore/2.png, https://raw.githubusercontent.com/Susderk/mockup-uploads/main/mockups/2026-09-12/Festive%20Bookstore/3.png, https://raw.githubusercontent.com/Susderk/mockup-uploads/main/mockups/2026-09-12/Festive%20Bookstore/4.png";"999"
